"15","3"
"0.0","0.0","0.0","0.0","0.0","0.0","0.0","0.0","0.0","0.0","0.0","0.0","0.0","0.0","0.0","0.0","0.5","1.0"
"0.0","0.0","0.0","0.0","0.0","0.0","0.0","0.0","0.0","0.0","0.0","0.0","0.0","1.0","0.0","0.025801708069103715","0.47258329336620614","0.9986680786401952"
"0.0","0.0","0.0","0.0","0.0","0.0","0.0","0.0","0.0","0.0","0.0","0.0","1.0","0.0","0.0","0.05215670870987739","0.5130548996458087","0.9406652401248384"
"0.0","0.0","0.0","0.0","0.0","0.0","0.0","0.0","0.0","0.0","0.0","1.0","0.0","0.0","0.0","0.07349249081063636","0.45667437390149457","0.723150631640584"
"0.0","0.0","0.0","0.0","0.0","0.0","0.0","0.0","0.0","0.0","0.0","1.0","0.0","1.0","0.0","0.09929419887974007","0.4287021117121452","0.7218187102807793"
"0.0","0.0","0.0","0.0","0.0","0.0","0.0","0.0","0.0","0.0","0.0","1.0","1.0","0.0","0.0","0.12564919952051376","0.45861816243619224","0.6638158717654224"
"0.0","0.0","0.0","0.0","0.0","0.0","0.0","0.0","1.0","0.0","0.0","0.0","0.0","0.0","0.0","0.11865417333783415","0.5229961957234684","0.4863311283824232"
"0.0","0.0","0.0","0.0","0.0","0.0","0.0","0.0","1.0","0.0","0.0","0.0","0.0","1.0","0.0","0.14445588140693788","0.495023933534119","0.4849992070226185"
"0.0","0.0","0.0","0.0","0.0","0.0","0.0","0.0","1.0","0.0","0.0","0.0","1.0","0.0","0.0","0.17081088204771155","0.5279955398137216","0.42699636850726164"
"0.0","0.0","0.0","0.0","0.0","0.0","0.0","0.0","1.0","0.0","0.0","1.0","0.0","0.0","0.0","0.19214666414847054","0.4680039029582964","0.20948176002300728"
"0.0","0.0","0.0","0.0","0.0","0.0","0.0","0.0","1.0","0.0","0.0","1.0","0.0","1.0","0.0","0.21794837221757424","0.4394760852133914","0.20814983866320255"
"0.0","0.0","0.0","0.0","0.0","0.0","0.0","0.0","1.0","0.0","0.0","1.0","1.0","0.0","0.0","0.2443033728583479","0.4618921359374385","0.15014700014784568"
"0.0","0.0","0.0","0.0","0.0","0.0","0.0","1.0","0.0","0.0","0.0","0.0","0.0","0.0","0.0","0.018920395334395913","0.5179811532791162","0.9928079648668525"
"0.0","0.0","0.0","0.0","0.0","0.0","0.0","1.0","0.0","0.0","0.0","1.0","0.0","0.0","0.0","0.09241288614503228","0.4585444160694997","0.7159585965074367"
"0.0","0.0","0.0","0.0","0.0","0.0","0.0","1.0","1.0","0.0","0.0","0.0","0.0","0.0","0.0","0.13757456867223006","0.5304217934470291","0.4791390932492758"
"0.0","0.0","0.0","0.0","0.0","0.0","0.0","1.0","1.0","0.0","0.0","1.0","0.0","0.0","0.0","0.21106705948286641","0.4593183895707459","0.20228972488985983"
"0.0","0.0","0.0","0.0","0.0","0.0","1.0","0.0","0.0","0.0","0.0","0.0","0.0","0.0","0.0","0.023050559988766765","0.47416696301007644","0.9701213430630934"
"0.0","0.0","0.0","0.0","0.0","0.0","1.0","0.0","0.0","0.0","0.0","0.0","0.0","1.0","0.0","0.04885226805787048","0.4467502563762825","0.9687894217032886"
"0.0","0.0","0.0","0.0","0.0","0.0","1.0","0.0","0.0","0.0","0.0","1.0","0.0","0.0","0.0","0.09654305079940313","0.4302857813560155","0.6932719747036774"
"0.0","0.0","0.0","0.0","0.0","0.0","1.0","0.0","0.0","0.0","0.0","1.0","0.0","1.0","0.0","0.12234475886850685","0.402313519166666","0.6919400533438727"
"0.0","0.0","0.0","0.0","0.0","0.0","1.0","0.0","0.0","0.0","0.0","1.0","1.0","0.0","0.0","0.1486997595092805","0.43167401433515756","0.6339372148285158"
"0.0","0.0","0.0","0.0","0.0","0.0","1.0","0.0","0.0","1.0","0.0","0.0","0.0","0.0","0.0","0.04610111997753353","0.4483339260201529","0.9443503723423584"
"0.0","0.0","0.0","0.0","0.0","0.0","1.0","0.0","0.0","1.0","0.0","0.0","0.0","1.0","0.0","0.07190282804663724","0.4209172193863589","0.9430184509825537"
"0.0","0.0","0.0","0.0","0.0","0.0","1.0","0.0","0.0","1.0","0.0","1.0","0.0","0.0","0.0","0.1195936107881699","0.4038971888105363","0.6675010039829425"
"0.0","0.0","0.0","0.0","0.0","0.0","1.0","0.0","0.0","1.0","0.0","1.0","0.0","1.0","0.0","0.14539531885727358","0.37592492662118693","0.6661690826231377"
"0.0","0.0","0.0","0.0","0.0","0.0","1.0","0.0","0.0","1.0","0.0","1.0","1.0","0.0","0.0","0.17175031949804728","0.4047298662341229","0.608166244107781"
"0.0","0.0","0.0","0.0","0.0","0.0","1.0","0.0","1.0","0.0","0.0","0.0","0.0","0.0","0.0","0.1417047333266009","0.4966076031779893","0.4564524714455166"
"0.0","0.0","0.0","0.0","0.0","0.0","1.0","0.0","1.0","0.0","0.0","0.0","0.0","1.0","0.0","0.16750644139570464","0.4686353409886399","0.4551205500857119"
"0.0","0.0","0.0","0.0","0.0","0.0","1.0","0.0","1.0","0.0","0.0","1.0","0.0","0.0","0.0","0.21519722413723727","0.44105975485726173","0.17960310308610072"
"0.0","0.0","0.0","0.0","0.0","0.0","1.0","0.0","1.0","0.0","0.0","1.0","1.0","0.0","0.0","0.2673539328471147","0.4343924322808482","0.12026834321093913"
"0.0","0.0","0.0","0.0","0.0","0.0","1.0","0.0","1.0","1.0","0.0","0.0","0.0","0.0","0.0","0.16475529331536767","0.4702190106325102","0.4306815007247817"
"0.0","0.0","0.0","0.0","0.0","0.0","1.0","0.0","1.0","1.0","0.0","0.0","0.0","1.0","0.0","0.1905570013844714","0.44224674844316075","0.4293495793649769"
"0.0","0.0","0.0","0.0","0.0","0.0","1.0","0.0","1.0","1.0","0.0","1.0","0.0","0.0","0.0","0.23824778412600406","0.414115606756227","0.15383213236536575"
"0.0","0.0","0.0","0.0","0.0","0.0","1.0","0.0","1.0","1.0","0.0","1.0","1.0","0.0","0.0","0.29040449283588143","0.40689272862425796","0.09449737249020414"
"0.0","0.0","0.0","0.0","0.0","0.0","1.0","1.0","0.0","0.0","0.0","0.0","0.0","0.0","0.0","0.041970955323162674","0.48659256073363705","0.9629293079299459"
"0.0","0.0","0.0","0.0","0.0","0.0","1.0","1.0","0.0","0.0","0.0","1.0","0.0","0.0","0.0","0.11546344613379904","0.431600267968465","0.68607993957053"
"0.0","0.0","0.0","0.0","0.0","0.0","1.0","1.0","0.0","0.0","0.0","1.0","1.0","0.0","0.0","0.16762015484367643","0.42548850094760704","0.6267451796953684"
"0.0","0.0","0.0","0.0","0.0","0.0","1.0","1.0","0.0","1.0","0.0","0.0","0.0","0.0","0.0","0.06502151531192944","0.4602039681881579","0.9371583372092109"
"0.0","0.0","0.0","0.0","0.0","0.0","1.0","1.0","0.0","1.0","0.0","1.0","0.0","0.0","0.0","0.1385140061225658","0.40465611986743033","0.6603089688497951"
"0.0","0.0","0.0","0.0","0.0","0.0","1.0","1.0","0.0","1.0","0.0","1.0","1.0","0.0","0.0","0.19067071483244316","0.3979887972910169","0.6009742089746334"
"0.0","0.0","0.0","0.0","0.0","0.0","1.0","1.0","1.0","0.0","0.0","0.0","0.0","0.0","0.0","0.16062512866099682","0.4984776453459944","0.4492604363123692"
"0.0","0.0","0.0","0.0","0.0","0.0","1.0","1.0","1.0","0.0","0.0","1.0","0.0","0.0","0.0","0.2341176194716332","0.4318186859141557","0.17241106795295327"
"0.0","0.0","0.0","0.0","0.0","0.0","1.0","1.0","1.0","0.0","0.0","1.0","1.0","0.0","0.0","0.2862743281815106","0.41765136333774217","0.11307630807779163"
"0.0","0.0","0.0","0.0","0.0","0.0","1.0","1.0","1.0","1.0","0.0","0.0","0.0","0.0","0.0","0.18367568864976358","0.47153349724495974","0.4234894655916342"
"0.0","0.0","0.0","0.0","0.0","0.0","1.0","1.0","1.0","1.0","0.0","1.0","0.0","0.0","0.0","0.25716817946039994","0.40431898225756546","0.1466400972322183"
"0.0","0.0","0.0","0.0","0.0","0.0","1.0","1.0","1.0","1.0","0.0","1.0","1.0","0.0","0.0","0.30932488817027737","0.3895961041255964","0.08730533735705666"
"0.0","0.0","0.0","0.0","0.0","1.0","1.0","0.0","0.0","0.0","0.0","0.0","0.0","0.0","0.0","0.048820568066095894","0.47918617198033436","0.9439243813271221"
"0.0","0.0","0.0","0.0","0.0","1.0","1.0","0.0","0.0","0.0","0.0","1.0","0.0","0.0","0.0","0.12231305887673226","0.4241938792151623","0.6670750129677061"
"0.0","0.0","0.0","0.0","0.0","1.0","1.0","0.0","0.0","0.0","0.0","1.0","1.0","0.0","0.0","0.17446976758660965","0.41808211219430436","0.6077402530925445"
"0.0","0.0","0.0","0.0","0.0","1.0","1.0","0.0","0.0","1.0","0.0","0.0","0.0","0.0","0.0","0.07187112805486265","0.4527975794348552","0.9181534106063871"
"0.0","0.0","0.0","0.0","0.0","1.0","1.0","0.0","0.0","1.0","0.0","0.0","0.0","1.0","0.0","0.09767283612396636","0.4248253172455058","0.9168214892465822"
"0.0","0.0","0.0","0.0","0.0","1.0","1.0","0.0","0.0","1.0","0.0","1.0","0.0","0.0","0.0","0.14536361886549903","0.3972497311141276","0.6413040422469711"
"0.0","0.0","0.0","0.0","0.0","1.0","1.0","0.0","0.0","1.0","0.0","1.0","1.0","0.0","0.0","0.1975203275753764","0.3905824085377141","0.5819692823718096"
"0.0","0.0","0.0","0.0","0.0","1.0","1.0","0.0","1.0","0.0","0.0","0.0","0.0","0.0","0.0","0.16747474140393004","0.49107125659269174","0.43025550970954524"
"0.0","0.0","0.0","0.0","0.0","1.0","1.0","0.0","1.0","0.0","0.0","1.0","0.0","0.0","0.0","0.24096723221456642","0.424412297160853","0.15340614135012937"
"0.0","0.0","0.0","0.0","0.0","1.0","1.0","0.0","1.0","0.0","0.0","1.0","1.0","0.0","0.0","0.29312394092444377","0.4102449745844395","0.09407138147496773"
"0.0","0.0","0.0","0.0","0.0","1.0","1.0","0.0","1.0","1.0","0.0","0.0","0.0","0.0","0.0","0.1905253013926968","0.464127108491657","0.40448453898881026"
"0.0","0.0","0.0","0.0","0.0","1.0","1.0","0.0","1.0","1.0","0.0","0.0","0.0","1.0","0.0","0.21632700946180053","0.435599290746752","0.40315261762900556"
"0.0","0.0","0.0","0.0","0.0","1.0","1.0","0.0","1.0","1.0","0.0","1.0","0.0","0.0","0.0","0.26401779220333316","0.39691259350426267","0.12763517062939436"
"0.0","0.0","0.0","0.0","0.0","1.0","1.0","0.0","1.0","1.0","0.0","1.0","1.0","0.0","0.0","0.31617450091321053","0.3821897153722936","0.06830041075423274"
"0.0","0.0","0.0","0.0","0.0","1.0","1.0","1.0","0.0","0.0","0.0","0.0","0.0","0.0","0.0","0.06774096340049181","0.48661176970389497","0.9367323461939746"
"0.0","0.0","0.0","0.0","0.0","1.0","1.0","1.0","0.0","0.0","0.0","1.0","0.0","0.0","0.0","0.14123345421112818","0.41550836582761175","0.6598829778345587"
"0.0","0.0","0.0","0.0","0.0","1.0","1.0","1.0","0.0","0.0","0.0","1.0","1.0","0.0","0.0","0.19339016292100553","0.4043965988067539","0.6005482179593971"
"0.0","0.0","0.0","0.0","0.0","1.0","1.0","1.0","0.0","1.0","0.0","1.0","0.0","0.0","0.0","0.1642840141998949","0.38800866217102153","0.6341120071138238"
"0.0","0.0","0.0","0.0","0.0","1.0","1.0","1.0","0.0","1.0","0.0","1.0","1.0","0.0","0.0","0.2164407229097723","0.3738413395946081","0.5747772472386621"
"0.0","0.0","0.0","0.0","0.0","1.0","1.0","1.0","1.0","0.0","0.0","0.0","0.0","0.0","0.0","0.18639513673832594","0.4879412987606968","0.4230634745763978"
"0.0","0.0","0.0","0.0","0.0","1.0","1.0","1.0","1.0","0.0","0.0","1.0","0.0","0.0","0.0","0.25988762754896233","0.4051712282177469","0.1462141062169819"
"0.0","0.0","0.0","0.0","0.0","1.0","1.0","1.0","1.0","0.0","0.0","1.0","1.0","0.0","0.0","0.3120443362588397","0.38600390564133347","0.08687934634182023"
"0.0","0.0","0.0","0.0","0.0","1.0","1.0","1.0","1.0","1.0","0.0","1.0","0.0","0.0","0.0","0.2829381875377291","0.3771159690056011","0.12044313549624687"
"0.0","0.0","0.0","0.0","0.0","1.0","1.0","1.0","1.0","1.0","0.0","1.0","1.0","0.0","0.0","0.33509489624760647","0.3551708686514099","0.06110837562108524"
"0.0","0.0","1.0","0.0","0.0","0.0","0.0","0.0","0.0","0.0","0.0","0.0","0.0","0.0","0.0","0.023016890184238064","0.47416696301007644","0.9867311664061058"
"0.0","0.0","1.0","0.0","0.0","0.0","0.0","0.0","0.0","0.0","0.0","0.0","0.0","1.0","0.0","0.048818598253341776","0.4467502563762825","0.985399245046301"
"0.0","0.0","1.0","0.0","0.0","0.0","0.0","0.0","0.0","0.0","0.0","1.0","0.0","0.0","0.0","0.09650938099487442","0.4302857813560155","0.70988179804669"
"0.0","0.0","1.0","0.0","0.0","0.0","0.0","0.0","0.0","0.0","0.0","1.0","0.0","1.0","0.0","0.12231108906397814","0.402313519166666","0.7085498766868852"
"0.0","0.0","1.0","0.0","0.0","0.0","0.0","0.0","1.0","0.0","0.0","0.0","0.0","0.0","0.0","0.1416710635220722","0.4966076031779893","0.473062294788529"
"0.0","0.0","1.0","0.0","0.0","0.0","0.0","0.0","1.0","0.0","0.0","0.0","0.0","1.0","0.0","0.16747277159117593","0.4686353409886399","0.47173037342872437"
"0.0","0.0","1.0","0.0","0.0","0.0","0.0","0.0","1.0","0.0","0.0","1.0","0.0","0.0","0.0","0.21516355433270856","0.44105975485726173","0.19621292642911317"
"0.0","0.0","1.0","0.0","0.0","0.0","1.0","0.0","0.0","0.0","0.0","0.0","0.0","0.0","0.0","0.04606745017300482","0.4483339260201529","0.9568525094691993"
"0.0","0.0","1.0","0.0","0.0","0.0","1.0","0.0","0.0","0.0","0.0","0.0","0.0","1.0","0.0","0.07186915824210854","0.4209172193863589","0.9555205881093944"
"0.0","0.0","1.0","0.0","0.0","0.0","1.0","0.0","0.0","0.0","0.0","1.0","0.0","0.0","0.0","0.11955994098364119","0.4038971888105363","0.6800031411097834"
"0.0","0.0","1.0","0.0","0.0","0.0","1.0","0.0","0.0","0.0","0.0","1.0","0.0","1.0","0.0","0.14536164905274487","0.37592492662118693","0.6786712197499786"
"0.0","0.0","1.0","0.0","0.0","0.0","1.0","0.0","0.0","0.0","0.0","1.0","1.0","0.0","0.0","0.17171664969351857","0.4047298662341229","0.6206683812346218"
"0.0","0.0","1.0","0.0","0.0","0.0","1.0","0.0","0.0","1.0","0.0","0.0","0.0","0.0","0.0","0.06911801016177159","0.42250088903022925","0.9310815387484643"
"0.0","0.0","1.0","0.0","0.0","0.0","1.0","0.0","0.0","1.0","0.0","0.0","0.0","1.0","0.0","0.0949197182308753","0.3950841823964354","0.9297496173886595"
"0.0","0.0","1.0","0.0","0.0","0.0","1.0","0.0","0.0","1.0","0.0","1.0","0.0","0.0","0.0","0.14261050097240796","0.3775085962650572","0.6542321703890485"
"0.0","0.0","1.0","0.0","0.0","0.0","1.0","0.0","0.0","1.0","0.0","1.0","0.0","1.0","0.0","0.1684122090415117","0.34953633407570783","0.6529002490292437"
"0.0","0.0","1.0","0.0","0.0","0.0","1.0","0.0","0.0","1.0","0.0","1.0","1.0","0.0","0.0","0.19476720968228536","0.3777857181330882","0.5948974105138868"
"0.0","0.0","1.0","0.0","0.0","0.0","1.0","0.0","1.0","0.0","0.0","0.0","0.0","0.0","0.0","0.16472162351083897","0.4702190106325102","0.44318363785162246"
"0.0","0.0","1.0","0.0","0.0","0.0","1.0","0.0","1.0","0.0","0.0","0.0","0.0","1.0","0.0","0.1905233315799427","0.44224674844316075","0.44185171649181776"
"0.0","0.0","1.0","0.0","0.0","0.0","1.0","0.0","1.0","0.0","0.0","1.0","0.0","0.0","0.0","0.23821411432147535","0.414115606756227","0.16633426949220662"
"0.0","0.0","1.0","0.0","0.0","0.0","1.0","0.0","1.0","0.0","0.0","1.0","1.0","0.0","0.0","0.2903708230313527","0.40689272862425796","0.10699950961704498"
"0.0","0.0","1.0","0.0","0.0","0.0","1.0","0.0","1.0","1.0","0.0","0.0","0.0","0.0","0.0","0.18777218349960573","0.443830418087031","0.4174126671308875"
"0.0","0.0","1.0","0.0","0.0","0.0","1.0","0.0","1.0","1.0","0.0","0.0","0.0","1.0","0.0","0.21357389156870946","0.4158581558976816","0.4160807457710828"
"0.0","0.0","1.0","0.0","0.0","0.0","1.0","0.0","1.0","1.0","0.0","1.0","0.0","0.0","0.0","0.2612646743102421","0.38717145865519237","0.14056329877147164"
"0.0","0.0","1.0","0.0","0.0","0.0","1.0","0.0","1.0","1.0","0.0","1.0","1.0","0.0","0.0","0.31342138302011946","0.3793930249676677","0.08122853889630999"
"0.0","0.0","1.0","0.0","0.0","0.0","1.0","1.0","0.0","1.0","0.0","0.0","0.0","0.0","0.0","0.0880384054961675","0.4338153756426788","0.923889503615317"
"0.0","0.0","1.0","0.0","0.0","0.0","1.0","1.0","0.0","1.0","0.0","0.0","0.0","1.0","0.0","0.11384011356527121","0.40584311345332935","0.9225575822555121"
"0.0","0.0","1.0","0.0","0.0","0.0","1.0","1.0","0.0","1.0","0.0","1.0","0.0","0.0","0.0","0.16153089630680384","0.3777119717663956","0.647040135255901"
"0.0","0.0","1.0","0.0","0.0","0.0","1.0","1.0","0.0","1.0","0.0","1.0","0.0","1.0","0.0","0.18733260437590757","0.3491841540214906","0.6457082138960961"
"0.0","0.0","1.0","0.0","0.0","0.0","1.0","1.0","1.0","1.0","0.0","0.0","0.0","0.0","0.0","0.20669257883400166","0.444589349143925","0.41022063199774006"
"0.0","0.0","1.0","0.0","0.0","0.0","1.0","1.0","1.0","1.0","0.0","0.0","0.0","1.0","0.0","0.23249428690310536","0.41606153139902","0.4088887106379353"
"0.0","0.0","1.0","0.0","0.0","1.0","1.0","0.0","0.0","0.0","0.0","0.0","0.0","0.0","0.0","0.07183745825033395","0.4527975794348552","0.9306555477332279"
"0.0","0.0","1.0","0.0","0.0","1.0","1.0","0.0","0.0","0.0","0.0","0.0","0.0","1.0","0.0","0.09763916631943767","0.4248253172455058","0.9293236263734231"
"0.0","0.0","1.0","0.0","0.0","1.0","1.0","0.0","0.0","0.0","0.0","1.0","0.0","0.0","0.0","0.14532994906097033","0.3972497311141276","0.6538061793738119"
"0.0","0.0","1.0","0.0","0.0","1.0","1.0","0.0","0.0","0.0","0.0","1.0","1.0","0.0","0.0","0.19748665777084773","0.3905824085377141","0.5944714194986503"
"0.0","0.0","1.0","0.0","0.0","1.0","1.0","0.0","0.0","1.0","0.0","0.0","0.0","0.0","0.0","0.09488801823910072","0.4264089868893761","0.9048845770124929"
"0.0","0.0","1.0","0.0","0.0","1.0","1.0","0.0","0.0","1.0","0.0","0.0","0.0","1.0","0.0","0.12068972630820443","0.3984367247000266","0.9035526556526882"
"0.0","0.0","1.0","0.0","0.0","1.0","1.0","0.0","0.0","1.0","0.0","1.0","0.0","0.0","0.0","0.16838050904973706","0.3703055830130929","0.6280352086530769"
"0.0","0.0","1.0","0.0","0.0","1.0","1.0","0.0","0.0","1.0","0.0","1.0","1.0","0.0","0.0","0.22053721775961446","0.3630827048811238","0.5687004487779154"
"0.0","0.0","1.0","0.0","0.0","1.0","1.0","0.0","1.0","0.0","0.0","0.0","0.0","0.0","0.0","0.1904916315881681","0.464127108491657","0.4169866761156511"
"0.0","0.0","1.0","0.0","0.0","1.0","1.0","0.0","1.0","0.0","0.0","1.0","0.0","0.0","0.0","0.2639841223988045","0.39691259350426267","0.1401373077562352"
"0.0","0.0","1.0","0.0","0.0","1.0","1.0","0.0","1.0","0.0","0.0","1.0","1.0","0.0","0.0","0.3161408311086818","0.3821897153722936","0.08080254788107359"
"0.0","0.0","1.0","0.0","0.0","1.0","1.0","0.0","1.0","1.0","0.0","0.0","0.0","0.0","0.0","0.21354219157693488","0.4371829603906223","0.3912157053949161"
"0.0","0.0","1.0","0.0","0.0","1.0","1.0","0.0","1.0","1.0","0.0","1.0","0.0","0.0","0.0","0.28703468238757124","0.3694128898476725","0.11436633703550023"
"0.0","0.0","1.0","0.0","0.0","1.0","1.0","0.0","1.0","1.0","0.0","1.0","1.0","0.0","0.0","0.33919139109744867","0.3541344561601479","0.0550315771603386"
"0.0","0.0","1.0","0.0","0.0","1.0","1.0","1.0","0.0","1.0","0.0","1.0","0.0","0.0","0.0","0.187300904384133","0.3605089585144313","0.6208431735199296"
"0.0","0.0","1.0","0.0","0.0","1.0","1.0","1.0","0.0","1.0","0.0","1.0","0.0","1.0","0.0","0.21310261245323672","0.3314255852139708","0.6195112521601248"
"0.0","0.0","1.0","0.0","0.0","1.0","1.0","1.0","0.0","1.0","0.0","1.0","1.0","0.0","0.0","0.2394576130940104","0.3457860803824623","0.5615084136447679"
"0.0","0.0","1.0","0.0","0.0","1.0","1.0","1.0","0.0","1.0","0.0","1.0","1.0","1.0","0.0","0.2652593211631141","0.3161471515264462","0.5601764922849631"
"0.0","0.0","1.0","0.0","0.0","1.0","1.0","1.0","0.0","1.0","1.0","1.0","1.0","0.0","0.0","0.2816264179661358","0.31777552804840736","0.558579207282592"
"0.0","0.0","1.0","0.0","0.0","1.0","1.0","1.0","0.0","1.0","1.0","1.0","1.0","1.0","0.0","0.30742812603523945","0.28813659919239126","0.5572472859227872"
"0.0","0.0","1.0","0.0","0.0","1.0","1.0","1.0","1.0","1.0","0.0","1.0","0.0","0.0","0.0","0.3059550777219671","0.3490607097934553","0.10717430190235275"
"0.0","0.0","1.0","0.0","0.0","1.0","1.0","1.0","1.0","1.0","0.0","1.0","0.0","1.0","0.0","0.3317567857910708","0.3194217809374392","0.10584238054254799"
"0.0","0.0","1.0","0.0","0.0","1.0","1.0","1.0","1.0","1.0","0.0","1.0","1.0","0.0","0.0","0.3581117864318445","0.32711560943926404","0.04783954202719112"
"0.0","0.0","1.0","0.0","0.0","1.0","1.0","1.0","1.0","1.0","0.0","1.0","1.0","0.0","1.0","0.4662213270395027","0.31892559238561063","0.0411877242419674"
"0.0","0.0","1.0","0.0","0.0","1.0","1.0","1.0","1.0","1.0","0.0","1.0","1.0","1.0","0.0","0.3839134945009482","0.29747668058324794","0.04650762066738636"
"0.0","0.0","1.0","0.0","0.0","1.0","1.0","1.0","1.0","1.0","1.0","1.0","0.0","0.0","0.0","0.3481238825940925","0.3177168241260671","0.10424509554017677"
"0.0","0.0","1.0","0.0","0.0","1.0","1.0","1.0","1.0","1.0","1.0","1.0","1.0","0.0","0.0","0.4002805913039699","0.2932717237718758","0.04491033566501515"
"0.0","0.0","1.0","0.0","0.0","1.0","1.0","1.0","1.0","1.0","1.0","1.0","1.0","1.0","0.0","0.4260822993730736","0.26307723936030414","0.0435784143052104"
"0.0","0.0","1.0","0.0","1.0","0.0","1.0","0.0","0.0","1.0","0.0","0.0","0.0","0.0","0.0","0.09220228821037506","0.3966678520403057","0.9300805191996472"
"0.0","0.0","1.0","0.0","1.0","0.0","1.0","0.0","0.0","1.0","0.0","0.0","0.0","1.0","0.0","0.11800399627947877","0.3692511454065118","0.9287485978398424"
"0.0","0.0","1.0","0.0","1.0","0.0","1.0","0.0","0.0","1.0","0.0","1.0","0.0","0.0","0.0","0.16569477902101143","0.3511200037195781","0.6532311508402313"
"0.0","0.0","1.0","0.0","1.0","0.0","1.0","0.0","0.0","1.0","0.0","1.0","0.0","1.0","0.0","0.19149648709011516","0.3231477415302286","0.6518992294804266"
"0.0","0.0","1.0","0.0","1.0","0.0","1.0","0.0","0.0","1.0","0.0","1.0","1.0","0.0","0.0","0.21785148773088883","0.3508415700320535","0.5938963909650697"
"0.0","0.0","1.0","0.0","1.0","0.0","1.0","0.0","1.0","1.0","0.0","0.0","0.0","0.0","0.0","0.21085646154820922","0.4174418255415519","0.41641164758207044"
"0.0","0.0","1.0","0.0","1.0","0.0","1.0","0.0","1.0","1.0","0.0","0.0","0.0","1.0","0.0","0.23665816961731292","0.3894695633522025","0.4150797262222657"
"0.0","0.0","1.0","0.0","1.0","0.0","1.0","0.0","1.0","1.0","0.0","1.0","0.0","0.0","0.0","0.28434895235884555","0.3602273105541577","0.13956227922265457"
"0.0","0.0","1.0","0.0","1.0","0.0","1.0","1.0","0.0","1.0","0.0","0.0","0.0","0.0","0.0","0.11112268354477096","0.40742678309719965","0.9228884840664998"
"0.0","0.0","1.0","0.0","1.0","0.0","1.0","1.0","0.0","1.0","0.0","0.0","0.0","1.0","0.0","0.13692439161387468","0.3794545209078502","0.9215565627066951"
"0.0","0.0","1.0","0.0","1.0","0.0","1.0","1.0","0.0","1.0","0.0","1.0","0.0","0.0","0.0","0.1846151743554073","0.3507678236653609","0.6460391157070838"
"0.0","0.0","1.0","0.0","1.0","0.0","1.0","1.0","0.0","1.0","0.0","1.0","0.0","1.0","0.0","0.21041688242451104","0.32224000592045593","0.6447071943472791"
"0.0","0.0","1.0","0.0","1.0","0.0","1.0","1.0","1.0","1.0","0.0","0.0","0.0","0.0","0.0","0.22977685688260513","0.4176452010428903","0.40921961244892296"
"0.0","0.0","1.0","0.0","1.0","0.0","1.0","1.0","1.0","1.0","0.0","0.0","0.0","1.0","0.0","0.25557856495170883","0.38911738329798534","0.40788769108911826"
"0.0","0.0","1.0","0.0","1.0","1.0","1.0","0.0","0.0","1.0","0.0","0.0","0.0","0.0","0.0","0.11797229628770418","0.40002039434389697","0.903883557463676"
"0.0","0.0","1.0","0.0","1.0","1.0","1.0","0.0","0.0","1.0","0.0","0.0","0.0","1.0","0.0","0.1437740043568079","0.37204813215454746","0.9025516361038711"
"0.0","0.0","1.0","0.0","1.0","1.0","1.0","0.0","0.0","1.0","0.0","1.0","0.0","0.0","0.0","0.19146478709834053","0.3433614349120582","0.62703418910426"
"0.0","0.0","1.0","0.0","1.0","1.0","1.0","0.0","0.0","1.0","0.0","1.0","1.0","0.0","0.0","0.24362149580821793","0.3355830012245336","0.5676994292290984"
"0.0","0.0","1.0","0.0","1.0","1.0","1.0","0.0","1.0","1.0","0.0","0.0","0.0","0.0","0.0","0.23662646962553835","0.41023881228958764","0.3902146858460991"
"0.0","0.0","1.0","0.0","1.0","1.0","1.0","0.0","1.0","1.0","0.0","1.0","0.0","0.0","0.0","0.3101189604361747","0.3419131861910822","0.11336531748668317"
"0.0","0.0","1.0","0.0","1.0","1.0","1.0","0.0","1.0","1.0","0.0","1.0","1.0","0.0","0.0","0.3622756691460521","0.326079196948002","0.05403055761152155"
"0.0","0.0","1.0","0.0","1.0","1.0","1.0","1.0","0.0","1.0","0.0","1.0","0.0","0.0","0.0","0.2103851824327365","0.3330092548578411","0.6198421539711124"
"0.0","0.0","1.0","0.0","1.0","1.0","1.0","1.0","0.0","1.0","0.0","1.0","0.0","1.0","0.0","0.2361868905018402","0.30392588155738054","0.6185102326113077"
"0.0","0.0","1.0","0.0","1.0","1.0","1.0","1.0","0.0","1.0","0.0","1.0","1.0","0.0","0.0","0.2625418911426139","0.3177308211703165","0.560507394095951"
"0.0","0.0","1.0","0.0","1.0","1.0","1.0","1.0","0.0","1.0","1.0","1.0","0.0","1.0","0.0","0.2783556953739656","0.2820264403344367","0.6155810262491318"
"0.0","0.0","1.0","0.0","1.0","1.0","1.0","1.0","0.0","1.0","1.0","1.0","1.0","0.0","0.0","0.30471069601473927","0.28972026883626156","0.5575781877337749"
"0.0","0.0","1.0","0.0","1.0","1.0","1.0","1.0","0.0","1.0","1.0","1.0","1.0","1.0","0.0","0.33051240408384297","0.26008133998024546","0.5562462663739701"
"0.0","0.0","1.0","0.0","1.0","1.0","1.0","1.0","1.0","1.0","0.0","1.0","0.0","0.0","0.0","0.3290393557705706","0.3210054505813095","0.10617328235353568"
"0.0","0.0","1.0","0.0","1.0","1.0","1.0","1.0","1.0","1.0","0.0","1.0","1.0","0.0","0.0","0.381196064480448","0.29906035022711824","0.04683852247837406"
"0.0","0.0","1.0","0.0","1.0","1.0","1.0","1.0","1.0","1.0","1.0","1.0","1.0","0.0","0.0","0.42336486935257334","0.26466090900417444","0.0439093161161981"
"0.0","0.0","1.0","0.0","1.0","1.0","1.0","1.0","1.0","1.0","1.0","1.0","1.0","1.0","0.0","0.44916657742167704","0.2344664245926028","0.042577394756393355"
"0.0","0.0","1.0","1.0","0.0","1.0","1.0","0.0","1.0","1.0","0.0","1.0","1.0","0.0","0.0","0.6549382636051749","0.2805911963896154","0.028097167439842554"
"0.0","0.0","1.0","1.0","0.0","1.0","1.0","1.0","1.0","1.0","0.0","1.0","1.0","0.0","0.0","0.6738586589395709","0.24027747787385978","0.02090513230669507"
"0.0","0.0","1.0","1.0","0.0","1.0","1.0","1.0","1.0","1.0","0.0","1.0","1.0","0.0","1.0","0.7819681995472291","0.22024985398259952","0.014253314521471343"
"0.0","0.0","1.0","1.0","0.0","1.0","1.0","1.0","1.0","1.0","0.0","1.0","1.0","1.0","0.0","0.6996603670086746","0.20952743790673253","0.019573210946890313"
"0.0","0.0","1.0","1.0","0.0","1.0","1.0","1.0","1.0","1.0","1.0","1.0","1.0","0.0","0.0","0.7160274638116964","0.19761307938595868","0.017975925944519102"
"0.0","0.0","1.0","1.0","0.0","1.0","1.0","1.0","1.0","1.0","1.0","1.0","1.0","1.0","0.0","0.7418291718808","0.161901500957293","0.01664400458471435"
"0.0","0.0","1.0","1.0","1.0","1.0","1.0","1.0","1.0","1.0","0.0","1.0","1.0","0.0","0.0","0.6969429369881744","0.21111110755060286","0.019904112757878012"
"0.0","0.0","1.0","1.0","1.0","1.0","1.0","1.0","1.0","1.0","1.0","1.0","1.0","0.0","0.0","0.7391117418602998","0.1634851706011633","0.01697490639570205"
"0.0","0.0","1.0","1.0","1.0","1.0","1.0","1.0","1.0","1.0","1.0","1.0","1.0","1.0","0.0","0.7649134499294036","0.13273513063403614","0.0156429850358973"
"0.0","1.0","1.0","0.0","0.0","1.0","1.0","1.0","1.0","1.0","0.0","1.0","1.0","0.0","0.0","0.4796204849942507","0.2922863477918206","0.03884837477651754"
"0.0","1.0","1.0","0.0","0.0","1.0","1.0","1.0","1.0","1.0","0.0","1.0","1.0","0.0","1.0","0.5877300256019089","0.28155786919970566","0.03219655699129382"
"0.0","1.0","1.0","0.0","0.0","1.0","1.0","1.0","1.0","1.0","0.0","1.0","1.0","1.0","0.0","0.5054221930633543","0.26264741893580446","0.037516453416712794"
"0.0","1.0","1.0","0.0","0.0","1.0","1.0","1.0","1.0","1.0","0.0","1.0","1.0","1.0","1.0","0.6135317336710127","0.25136338478813397","0.03086463563148907"
"0.0","1.0","1.0","0.0","0.0","1.0","1.0","1.0","1.0","1.0","1.0","1.0","1.0","0.0","0.0","0.521789289866376","0.25594246212443234","0.03591916841434158"
"0.0","1.0","1.0","0.0","0.0","1.0","1.0","1.0","1.0","1.0","1.0","1.0","1.0","0.0","1.0","0.6298988304740342","0.23711996643830027","0.029267350629117856"
"0.0","1.0","1.0","0.0","0.0","1.0","1.0","1.0","1.0","1.0","1.0","1.0","1.0","1.0","0.0","0.5475909979354797","0.22570951617439913","0.034587247054536835"
"0.0","1.0","1.0","0.0","0.0","1.0","1.0","1.0","1.0","1.0","1.0","1.0","1.0","1.0","1.0","0.6557005385431379","0.20636992647117305","0.027935429269313108"
"0.0","1.0","1.0","0.0","1.0","1.0","1.0","1.0","1.0","1.0","0.0","1.0","1.0","0.0","0.0","0.502704763042854","0.2642310885796748","0.03784735522770049"
"0.0","1.0","1.0","0.0","1.0","1.0","1.0","1.0","1.0","1.0","0.0","1.0","1.0","0.0","1.0","0.6108143036505123","0.2529470544320043","0.03119553744247677"
"0.0","1.0","1.0","0.0","1.0","1.0","1.0","1.0","1.0","1.0","1.0","1.0","1.0","0.0","0.0","0.5448735679149794","0.22729318581826946","0.03491814886552452"
"0.0","1.0","1.0","0.0","1.0","1.0","1.0","1.0","1.0","1.0","1.0","1.0","1.0","0.0","1.0","0.6529831085226376","0.20795359611504338","0.028266331080300806"
"0.0","1.0","1.0","0.0","1.0","1.0","1.0","1.0","1.0","1.0","1.0","1.0","1.0","1.0","0.0","0.5706752759840831","0.1970987014066978","0.033586227505719775"
"0.0","1.0","1.0","0.0","1.0","1.0","1.0","1.0","1.0","1.0","1.0","1.0","1.0","1.0","1.0","0.6787848165917414","0.17720355614791616","0.026934409720496058"
"0.0","1.0","1.0","1.0","0.0","1.0","1.0","1.0","1.0","1.0","0.0","1.0","1.0","0.0","0.0","0.795367357501977","0.2282559085341086","0.01191396505602149"
"0.0","1.0","1.0","1.0","0.0","1.0","1.0","1.0","1.0","1.0","0.0","1.0","1.0","0.0","1.0","0.9034768981096352","0.20145478036934408","0.005262147270797767"
"0.0","1.0","1.0","1.0","0.0","1.0","1.0","1.0","1.0","1.0","0.0","1.0","1.0","1.0","0.0","0.8211690655710807","0.19500586856698138","0.010582043696216738"
"0.0","1.0","1.0","1.0","0.0","1.0","1.0","1.0","1.0","1.0","0.0","1.0","1.0","1.0","1.0","0.9292786061787389","0.1701491848466613","0.003930225910993017"
"0.0","1.0","1.0","1.0","0.0","1.0","1.0","1.0","1.0","1.0","1.0","1.0","1.0","0.0","0.0","0.8375361623741024","0.17941202286672037","0.008984758693845527"
"0.0","1.0","1.0","1.0","0.0","1.0","1.0","1.0","1.0","1.0","1.0","1.0","1.0","0.0","1.0","0.9456457029817606","0.14455533914640026","0.002332940908621803"
"0.0","1.0","1.0","1.0","0.0","1.0","1.0","1.0","1.0","1.0","1.0","1.0","1.0","1.0","0.0","0.8633378704432061","0.14310642734403758","0.007652837334040776"
"0.0","1.0","1.0","1.0","0.0","1.0","1.0","1.0","1.0","1.0","1.0","1.0","1.0","1.0","1.0","0.9714474110508643","0.10769418806816194","0.0010010195488170531"
"0.0","1.0","1.0","1.0","1.0","1.0","1.0","1.0","1.0","1.0","0.0","1.0","1.0","0.0","0.0","0.8184516355505805","0.19658953821085173","0.010912945507204437"
"0.0","1.0","1.0","1.0","1.0","1.0","1.0","1.0","1.0","1.0","0.0","1.0","1.0","0.0","1.0","0.9265611761582387","0.17173285449053163","0.004261127721980714"
"0.0","1.0","1.0","1.0","1.0","1.0","1.0","1.0","1.0","1.0","1.0","1.0","1.0","0.0","0.0","0.8606204404227059","0.1446900969879079","0.007983739145028472"
"0.0","1.0","1.0","1.0","1.0","1.0","1.0","1.0","1.0","1.0","1.0","1.0","1.0","0.0","1.0","0.9687299810303641","0.10927785771203227","0.0013319213598047502"
"0.0","1.0","1.0","1.0","1.0","1.0","1.0","1.0","1.0","1.0","1.0","1.0","1.0","1.0","0.0","0.8864221484918097","0.11088450146522515","0.006651817785223723"
"0.0","1.0","1.0","1.0","1.0","1.0","1.0","1.0","1.0","1.0","1.0","1.0","1.0","1.0","1.0","0.9945316890994679","0.07741670663379392","0.0"
"1.0","0.0","0.0","0.0","0.0","0.0","0.0","0.0","0.0","0.0","0.0","1.0","0.0","0.0","0.0","0.07896080171116852","0.4531465561565896","0.723150631640584"
"1.0","0.0","0.0","0.0","0.0","0.0","0.0","0.0","0.0","0.0","0.0","1.0","0.0","1.0","0.0","0.10476250978027224","0.4246187384116846","0.7218187102807793"
"1.0","0.0","0.0","0.0","0.0","0.0","0.0","0.0","0.0","0.0","0.0","1.0","1.0","0.0","0.0","0.1311175104210459","0.4500903446912872","0.6638158717654224"
"1.0","0.0","0.0","0.0","0.0","0.0","0.0","0.0","1.0","0.0","0.0","0.0","0.0","1.0","0.0","0.14992419230747003","0.491496115789214","0.4849992070226185"
"1.0","0.0","0.0","0.0","0.0","0.0","0.0","0.0","1.0","0.0","0.0","0.0","1.0","0.0","0.0","0.1762791929482437","0.5225232776243722","0.42699636850726164"
"1.0","0.0","0.0","0.0","0.0","0.0","0.0","0.0","1.0","0.0","0.0","1.0","0.0","0.0","0.0","0.19761497504900266","0.4539205296578358","0.20948176002300728"
"1.0","0.0","0.0","0.0","0.0","0.0","0.0","0.0","1.0","0.0","0.0","1.0","0.0","1.0","0.0","0.22341668311810636","0.4248371563573753","0.20814983866320255"
"1.0","0.0","0.0","0.0","0.0","0.0","0.0","0.0","1.0","0.0","0.0","1.0","1.0","0.0","0.0","0.24977168375888004","0.44280876263697794","0.15014700014784568"
"1.0","0.0","0.0","0.0","0.0","0.0","0.0","1.0","1.0","0.0","0.0","1.0","0.0","0.0","0.0","0.2165353703833986","0.4402350162702854","0.20228972488985983"
"1.0","0.0","0.0","0.0","0.0","0.0","0.0","1.0","1.0","0.0","0.0","1.0","0.0","1.0","0.0","0.24233707845250232","0.4055960874142692","0.20095780353005507"
"1.0","0.0","0.0","0.0","0.0","0.0","1.0","0.0","0.0","0.0","0.0","1.0","0.0","0.0","0.0","0.1020113616999353","0.4262024080555549","0.6932719747036774"
"1.0","0.0","0.0","0.0","0.0","0.0","1.0","0.0","0.0","0.0","0.0","1.0","0.0","1.0","0.0","0.12781306976903903","0.39767459031064994","0.6919400533438727"
"1.0","0.0","0.0","0.0","0.0","0.0","1.0","0.0","0.0","0.0","0.0","1.0","1.0","0.0","0.0","0.15416807040981267","0.42009064103469695","0.6339372148285158"
"1.0","0.0","0.0","0.0","0.0","0.0","1.0","0.0","0.0","1.0","0.0","1.0","0.0","0.0","0.0","0.12506192168870206","0.39925825995452024","0.6675010039829425"
"1.0","0.0","0.0","0.0","0.0","0.0","1.0","0.0","0.0","1.0","0.0","1.0","0.0","1.0","0.0","0.1508636297578058","0.3707304422096152","0.6661690826231377"
"1.0","0.0","0.0","0.0","0.0","0.0","1.0","0.0","0.0","1.0","0.0","1.0","1.0","0.0","0.0","0.17721863039857946","0.39259093737810674","0.608166244107781"
"1.0","0.0","0.0","0.0","0.0","0.0","1.0","0.0","0.0","1.0","0.0","1.0","1.0","1.0","0.0","0.20302033846768316","0.3635075640776462","0.6068343227479761"
"1.0","0.0","0.0","0.0","0.0","0.0","1.0","0.0","1.0","0.0","0.0","0.0","0.0","0.0","0.0","0.14717304422713307","0.49307978543308434","0.4564524714455166"
"1.0","0.0","0.0","0.0","0.0","0.0","1.0","0.0","1.0","0.0","0.0","0.0","0.0","1.0","0.0","0.1729747522962368","0.4645519676881793","0.4551205500857119"
"1.0","0.0","0.0","0.0","0.0","0.0","1.0","0.0","1.0","0.0","0.0","1.0","0.0","0.0","0.0","0.22066553503776945","0.4264208260012456","0.17960310308610072"
"1.0","0.0","0.0","0.0","0.0","0.0","1.0","0.0","1.0","0.0","0.0","1.0","0.0","1.0","0.0","0.24646724310687318","0.397337452700785","0.178271181726296"
"1.0","0.0","0.0","0.0","0.0","0.0","1.0","0.0","1.0","0.0","0.0","1.0","1.0","0.0","0.0","0.27282224374764685","0.4122535034248321","0.12026834321093913"
"1.0","0.0","0.0","0.0","0.0","0.0","1.0","0.0","1.0","1.0","0.0","0.0","0.0","0.0","0.0","0.17022360421589983","0.46613563733204966","0.4306815007247817"
"1.0","0.0","0.0","0.0","0.0","0.0","1.0","0.0","1.0","1.0","0.0","0.0","0.0","1.0","0.0","0.19602531228500356","0.4376078195871446","0.4293495793649769"
"1.0","0.0","0.0","0.0","0.0","0.0","1.0","0.0","1.0","1.0","0.0","1.0","0.0","0.0","0.0","0.24371609502653618","0.3989211223446554","0.15383213236536575"
"1.0","0.0","0.0","0.0","0.0","0.0","1.0","0.0","1.0","1.0","0.0","1.0","0.0","1.0","0.0","0.2695178030956399","0.36983774904419475","0.152500211005561"
"1.0","0.0","0.0","0.0","0.0","0.0","1.0","0.0","1.0","1.0","0.0","1.0","1.0","0.0","0.0","0.29587280373641356","0.38419824421268634","0.09449737249020414"
"1.0","0.0","0.0","0.0","0.0","0.0","1.0","1.0","0.0","1.0","0.0","1.0","1.0","0.0","0.0","0.19613902573297537","0.37584986843500073","0.6009742089746334"
"1.0","0.0","0.0","0.0","0.0","0.0","1.0","1.0","1.0","0.0","0.0","1.0","0.0","0.0","0.0","0.23958593037216533","0.4071797570581395","0.17241106795295327"
"1.0","0.0","0.0","0.0","0.0","0.0","1.0","1.0","1.0","0.0","0.0","1.0","1.0","0.0","0.0","0.29174263908204273","0.38801243448172607","0.11307630807779163"
"1.0","0.0","0.0","0.0","0.0","0.0","1.0","1.0","1.0","1.0","0.0","1.0","0.0","0.0","0.0","0.2626364903609321","0.3791244978459938","0.1466400972322183"
"1.0","0.0","0.0","0.0","0.0","0.0","1.0","1.0","1.0","1.0","0.0","1.0","1.0","0.0","0.0","0.3147931990708095","0.3571793974918025","0.08730533735705666"
"1.0","0.0","0.0","0.0","0.0","1.0","1.0","0.0","0.0","0.0","0.0","1.0","0.0","0.0","0.0","0.12778136977726443","0.4101105059147017","0.6670750129677061"
"1.0","0.0","0.0","0.0","0.0","1.0","1.0","0.0","0.0","0.0","0.0","1.0","1.0","0.0","0.0","0.17993807848714183","0.3989987388938438","0.6077402530925445"
"1.0","0.0","0.0","0.0","0.0","1.0","1.0","0.0","0.0","1.0","0.0","0.0","0.0","0.0","0.0","0.07733943895539482","0.4492697616899502","0.9181534106063871"
"1.0","0.0","0.0","0.0","0.0","1.0","1.0","0.0","0.0","1.0","0.0","0.0","0.0","1.0","0.0","0.10314114702449853","0.42074194394504516","0.9168214892465822"
"1.0","0.0","0.0","0.0","0.0","1.0","1.0","0.0","0.0","1.0","0.0","1.0","0.0","0.0","0.0","0.15083192976603116","0.38261080225811145","0.6413040422469711"
"1.0","0.0","0.0","0.0","0.0","1.0","1.0","0.0","0.0","1.0","0.0","1.0","0.0","1.0","0.0","0.1766336378351349","0.35352742895765094","0.6399721208871664"
"1.0","0.0","0.0","0.0","0.0","1.0","1.0","0.0","0.0","1.0","0.0","1.0","1.0","0.0","0.0","0.20298863847590853","0.368443479681698","0.5819692823718096"
"1.0","0.0","0.0","0.0","0.0","1.0","1.0","0.0","0.0","1.0","0.0","1.0","1.0","1.0","0.0","0.22879034654501226","0.3388045508256819","0.5806373610120048"
"1.0","0.0","0.0","0.0","0.0","1.0","1.0","0.0","1.0","0.0","0.0","0.0","0.0","0.0","0.0","0.1729430523044622","0.48254343884778667","0.43025550970954524"
"1.0","0.0","0.0","0.0","0.0","1.0","1.0","0.0","1.0","0.0","0.0","1.0","0.0","0.0","0.0","0.24643554311509855","0.39977336830483684","0.15340614135012937"
"1.0","0.0","0.0","0.0","0.0","1.0","1.0","0.0","1.0","0.0","0.0","1.0","0.0","1.0","0.0","0.2722372511842023","0.37013443944882074","0.15207421999032458"
"1.0","0.0","0.0","0.0","0.0","1.0","1.0","0.0","1.0","0.0","0.0","1.0","1.0","0.0","0.0","0.2985922518249759","0.3806060457284234","0.09407138147496773"
"1.0","0.0","0.0","0.0","0.0","1.0","1.0","0.0","1.0","0.0","0.0","1.0","1.0","1.0","0.0","0.3243939598940796","0.34818933909462946","0.09273946011516299"
"1.0","0.0","0.0","0.0","0.0","1.0","1.0","0.0","1.0","1.0","0.0","0.0","0.0","0.0","0.0","0.19599361229322895","0.45004373519119645","0.40448453898881026"
"1.0","0.0","0.0","0.0","0.0","1.0","1.0","0.0","1.0","1.0","0.0","0.0","0.0","1.0","0.0","0.22179532036233268","0.4209603618907359","0.40315261762900556"
"1.0","0.0","0.0","0.0","0.0","1.0","1.0","0.0","1.0","1.0","0.0","1.0","0.0","0.0","0.0","0.26948610310386534","0.3717181090926911","0.12763517062939436"
"1.0","0.0","0.0","0.0","0.0","1.0","1.0","0.0","1.0","1.0","0.0","1.0","1.0","0.0","0.0","0.32164281181374277","0.3497730087384998","0.06830041075423274"
"1.0","0.0","0.0","0.0","0.0","1.0","1.0","1.0","0.0","1.0","0.0","1.0","0.0","0.0","0.0","0.1697523251004271","0.36336973331500544","0.6341120071138238"
"1.0","0.0","0.0","0.0","0.0","1.0","1.0","1.0","0.0","1.0","0.0","1.0","0.0","1.0","0.0","0.19555403316953082","0.3337308044589894","0.6327800857540189"
"1.0","0.0","0.0","0.0","0.0","1.0","1.0","1.0","0.0","1.0","0.0","1.0","1.0","0.0","0.0","0.2219090338103045","0.3442024107385919","0.5747772472386621"
"1.0","0.0","0.0","0.0","0.0","1.0","1.0","1.0","0.0","1.0","0.0","1.0","1.0","1.0","0.0","0.2477107418794082","0.3117857041047981","0.5734453258788572"
"1.0","0.0","0.0","0.0","0.0","1.0","1.0","1.0","0.0","1.0","1.0","1.0","1.0","1.0","0.0","0.28987954675153355","0.28099737399296537","0.5705161195166814"
"1.0","0.0","0.0","0.0","0.0","1.0","1.0","1.0","1.0","0.0","0.0","1.0","0.0","0.0","0.0","0.2653559384494945","0.37553229936173077","0.1462141062169819"
"1.0","0.0","0.0","0.0","0.0","1.0","1.0","1.0","1.0","0.0","0.0","1.0","0.0","1.0","0.0","0.2911576465185982","0.34033781495015913","0.1448821848571771"
"1.0","0.0","0.0","0.0","0.0","1.0","1.0","1.0","1.0","0.0","0.0","1.0","1.0","0.0","0.0","0.31751264715937183","0.35358719900753954","0.08687934634182023"
"1.0","0.0","0.0","0.0","0.0","1.0","1.0","1.0","1.0","0.0","0.0","1.0","1.0","1.0","0.0","0.3433143552284756","0.31839271459596785","0.08554742498201548"
"1.0","0.0","0.0","0.0","0.0","1.0","1.0","1.0","1.0","0.0","1.0","1.0","0.0","0.0","0.0","0.3075247433216199","0.3402995248054537","0.14328489985480589"
"1.0","0.0","0.0","0.0","0.0","1.0","1.0","1.0","1.0","0.0","1.0","1.0","0.0","1.0","0.0","0.3333264513907236","0.3045494848383265","0.14195297849500116"
"1.0","0.0","0.0","0.0","0.0","1.0","1.0","1.0","1.0","0.0","1.0","1.0","1.0","0.0","0.0","0.3596814520314973","0.31585442445126244","0.08395013997964428"
"1.0","0.0","0.0","0.0","0.0","1.0","1.0","1.0","1.0","0.0","1.0","1.0","1.0","1.0","0.0","0.385483160100601","0.2801043844841352","0.08261821861983952"
"1.0","0.0","0.0","0.0","0.0","1.0","1.0","1.0","1.0","1.0","0.0","0.0","0.0","0.0","0.0","0.2149140076276249","0.436358221803646","0.39729250385566284"
"1.0","0.0","0.0","0.0","0.0","1.0","1.0","1.0","1.0","1.0","0.0","0.0","0.0","1.0","0.0","0.2407157156967286","0.4017192929476298","0.3959605824958581"
"1.0","0.0","0.0","0.0","0.0","1.0","1.0","1.0","1.0","1.0","0.0","1.0","0.0","0.0","0.0","0.2884064984382612","0.34192148459402943","0.12044313549624687"
"1.0","0.0","0.0","0.0","0.0","1.0","1.0","1.0","1.0","1.0","0.0","1.0","0.0","1.0","0.0","0.3142082065073649","0.3117270001824578","0.11911121413644211"
"1.0","0.0","0.0","0.0","0.0","1.0","1.0","1.0","1.0","1.0","0.0","1.0","1.0","0.0","0.0","0.3405632071481386","0.31997638423983815","0.06110837562108524"
"1.0","0.0","0.0","0.0","0.0","1.0","1.0","1.0","1.0","1.0","0.0","1.0","1.0","1.0","0.0","0.3663649152172423","0.2872818998282665","0.0597764542612805"
"1.0","0.0","0.0","0.0","0.0","1.0","1.0","1.0","1.0","1.0","1.0","1.0","0.0","0.0","0.0","0.3305753033103866","0.3061331544821968","0.11751392913407091"
"1.0","0.0","0.0","0.0","0.0","1.0","1.0","1.0","1.0","1.0","1.0","1.0","0.0","1.0","0.0","0.35637701137949035","0.2703831145150696","0.11618200777426615"
"1.0","0.0","0.0","0.0","0.0","1.0","1.0","1.0","1.0","1.0","1.0","1.0","1.0","0.0","0.0","0.382732012020264","0.28168805412800546","0.058179169258909286"
"1.0","0.0","0.0","0.0","0.0","1.0","1.0","1.0","1.0","1.0","1.0","1.0","1.0","1.0","0.0","0.4085337200893677","0.24593801416087827","0.05684724789910453"
"1.0","0.0","1.0","0.0","0.0","0.0","0.0","0.0","0.0","0.0","0.0","1.0","0.0","0.0","0.0","0.10197769189540659","0.4262024080555549","0.70988179804669"
"1.0","0.0","1.0","0.0","0.0","0.0","0.0","0.0","0.0","0.0","0.0","1.0","0.0","1.0","0.0","0.12777939996451032","0.39767459031064994","0.7085498766868852"
"1.0","0.0","1.0","0.0","0.0","0.0","0.0","0.0","1.0","0.0","0.0","0.0","0.0","0.0","0.0","0.14713937442260436","0.49307978543308434","0.473062294788529"
"1.0","0.0","1.0","0.0","0.0","0.0","0.0","0.0","1.0","0.0","0.0","0.0","0.0","1.0","0.0","0.1729410824917081","0.4645519676881793","0.47173037342872437"
"1.0","0.0","1.0","0.0","0.0","0.0","0.0","0.0","1.0","0.0","0.0","1.0","0.0","0.0","0.0","0.22063186523324074","0.4264208260012456","0.19621292642911317"
"1.0","0.0","1.0","0.0","0.0","0.0","0.0","0.0","1.0","0.0","0.0","1.0","0.0","1.0","0.0","0.24643357330234447","0.397337452700785","0.19488100506930842"
"1.0","0.0","1.0","0.0","0.0","0.0","0.0","1.0","1.0","0.0","0.0","1.0","0.0","0.0","0.0","0.23955226056763662","0.4071797570581395","0.1890208912959657"
"1.0","0.0","1.0","0.0","0.0","0.0","1.0","0.0","0.0","0.0","0.0","1.0","0.0","0.0","0.0","0.12502825188417335","0.39925825995452024","0.6800031411097834"
"1.0","0.0","1.0","0.0","0.0","0.0","1.0","0.0","0.0","0.0","0.0","1.0","0.0","1.0","0.0","0.15082995995327708","0.3707304422096152","0.6786712197499786"
"1.0","0.0","1.0","0.0","0.0","0.0","1.0","0.0","0.0","0.0","0.0","1.0","1.0","0.0","0.0","0.17718496059405076","0.39259093737810674","0.6206683812346218"
"1.0","0.0","1.0","0.0","0.0","0.0","1.0","0.0","0.0","0.0","0.0","1.0","1.0","1.0","0.0","0.20298666866315446","0.3635075640776462","0.6193364598748169"
"1.0","0.0","1.0","0.0","0.0","0.0","1.0","0.0","0.0","1.0","0.0","1.0","0.0","0.0","0.0","0.1480788118729401","0.37231411185348556","0.6542321703890485"
"1.0","0.0","1.0","0.0","0.0","0.0","1.0","0.0","0.0","1.0","0.0","1.0","0.0","1.0","0.0","0.17388051994204384","0.3437862941085805","0.6529002490292437"
"1.0","0.0","1.0","0.0","0.0","0.0","1.0","0.0","0.0","1.0","0.0","1.0","1.0","0.0","0.0","0.20023552058281752","0.36509123372151653","0.5948974105138868"
"1.0","0.0","1.0","0.0","0.0","0.0","1.0","0.0","0.0","1.0","0.0","1.0","1.0","1.0","0.0","0.22603722865192122","0.33600786042105596","0.593565489154082"
"1.0","0.0","1.0","0.0","0.0","0.0","1.0","0.0","1.0","0.0","0.0","0.0","0.0","0.0","0.0","0.17018993441137115","0.46613563733204966","0.44318363785162246"
"1.0","0.0","1.0","0.0","0.0","0.0","1.0","0.0","1.0","0.0","0.0","0.0","0.0","1.0","0.0","0.19599164248047485","0.4376078195871446","0.44185171649181776"
"1.0","0.0","1.0","0.0","0.0","0.0","1.0","0.0","1.0","0.0","0.0","1.0","0.0","0.0","0.0","0.24368242522200748","0.3989211223446554","0.16633426949220662"
"1.0","0.0","1.0","0.0","0.0","0.0","1.0","0.0","1.0","0.0","0.0","1.0","0.0","1.0","0.0","0.2694841332911112","0.36983774904419475","0.16500234813240186"
"1.0","0.0","1.0","0.0","0.0","0.0","1.0","0.0","1.0","0.0","0.0","1.0","1.0","0.0","0.0","0.2958391339318848","0.38419824421268634","0.10699950961704498"
"1.0","0.0","1.0","0.0","0.0","0.0","1.0","0.0","1.0","1.0","0.0","0.0","0.0","0.0","0.0","0.1932404944001379","0.4391914892310149","0.4174126671308875"
"1.0","0.0","1.0","0.0","0.0","0.0","1.0","0.0","1.0","1.0","0.0","0.0","0.0","1.0","0.0","0.2190422024692416","0.41066367148610994","0.4160807457710828"
"1.0","0.0","1.0","0.0","0.0","0.0","1.0","0.0","1.0","1.0","0.0","1.0","0.0","0.0","0.0","0.26673298521077426","0.3714214186880651","0.14056329877147164"
"1.0","0.0","1.0","0.0","0.0","0.0","1.0","0.0","1.0","1.0","0.0","1.0","1.0","0.0","0.0","0.3188896939206517","0.3561429850005406","0.08122853889630999"
"1.0","0.0","1.0","0.0","0.0","0.0","1.0","1.0","0.0","0.0","0.0","1.0","1.0","0.0","0.0","0.19610535592844666","0.37584986843500073","0.6134763461014744"
"1.0","0.0","1.0","0.0","0.0","0.0","1.0","1.0","0.0","1.0","0.0","0.0","0.0","0.0","0.0","0.09350671639669968","0.42973200234221826","0.923889503615317"
"1.0","0.0","1.0","0.0","0.0","0.0","1.0","1.0","0.0","1.0","0.0","1.0","0.0","0.0","0.0","0.16699920720733602","0.3625174873548239","0.647040135255901"
"1.0","0.0","1.0","0.0","0.0","0.0","1.0","1.0","0.0","1.0","0.0","1.0","0.0","1.0","0.0","0.19280091527643975","0.3334341140543634","0.6457082138960961"
"1.0","0.0","1.0","0.0","0.0","0.0","1.0","1.0","0.0","1.0","0.0","1.0","1.0","0.0","0.0","0.21915591591721342","0.3477946092228549","0.5877053753807394"
"1.0","0.0","1.0","0.0","0.0","0.0","1.0","1.0","1.0","0.0","0.0","1.0","0.0","0.0","0.0","0.26260282055640344","0.3791244978459938","0.15914223435905914"
"1.0","0.0","1.0","0.0","0.0","0.0","1.0","1.0","1.0","0.0","0.0","1.0","1.0","0.0","0.0","0.31475952926628076","0.3571793974918025","0.09980747448389748"
"1.0","0.0","1.0","0.0","0.0","0.0","1.0","1.0","1.0","1.0","0.0","0.0","0.0","0.0","0.0","0.21216088973453384","0.4299504202879089","0.41022063199774006"
"1.0","0.0","1.0","0.0","0.0","0.0","1.0","1.0","1.0","1.0","0.0","0.0","0.0","1.0","0.0","0.23796259780363754","0.40086704698744835","0.4088887106379353"
"1.0","0.0","1.0","0.0","0.0","0.0","1.0","1.0","1.0","1.0","0.0","1.0","0.0","0.0","0.0","0.2856533805451702","0.351069238633848","0.13337126363832413"
"1.0","0.0","1.0","0.0","0.0","0.0","1.0","1.0","1.0","1.0","0.0","1.0","1.0","0.0","0.0","0.33781008925504763","0.3291241382796567","0.07403650376316251"
"1.0","0.0","1.0","0.0","0.0","1.0","0.0","0.0","1.0","0.0","0.0","1.0","1.0","0.0","0.0","0.2985585820204472","0.3806060457284234","0.11068120481798016"
"1.0","0.0","1.0","0.0","0.0","1.0","0.0","1.0","1.0","0.0","0.0","1.0","0.0","0.0","0.0","0.2653222686449658","0.3755322993617308","0.1628239295599943"
"1.0","0.0","1.0","0.0","0.0","1.0","0.0","1.0","1.0","0.0","0.0","1.0","0.0","1.0","0.0","0.29112397671406953","0.3403378149501592","0.16149200820018952"
"1.0","0.0","1.0","0.0","0.0","1.0","0.0","1.0","1.0","0.0","0.0","1.0","1.0","0.0","0.0","0.31747897735484315","0.35358719900753954","0.10348916968483267"
"1.0","0.0","1.0","0.0","0.0","1.0","0.0","1.0","1.0","0.0","0.0","1.0","1.0","1.0","0.0","0.34328068542394685","0.3183927145959679","0.10215724832502791"
"1.0","0.0","1.0","0.0","0.0","1.0","0.0","1.0","1.0","0.0","1.0","1.0","0.0","0.0","0.0","0.30749107351709115","0.3402995248054537","0.15989472319781833"
"1.0","0.0","1.0","0.0","0.0","1.0","0.0","1.0","1.0","0.0","1.0","1.0","0.0","1.0","0.0","0.3332927815861949","0.3045494848383265","0.15856280183801358"
"1.0","0.0","1.0","0.0","0.0","1.0","0.0","1.0","1.0","0.0","1.0","1.0","1.0","0.0","0.0","0.3596477822269686","0.31585442445126244","0.1005599633226567"
"1.0","0.0","1.0","0.0","0.0","1.0","0.0","1.0","1.0","0.0","1.0","1.0","1.0","1.0","0.0","0.3854494902960723","0.2801043844841352","0.09922804196285195"
"1.0","0.0","1.0","0.0","0.0","1.0","1.0","0.0","0.0","0.0","0.0","0.0","0.0","0.0","0.0","0.07730576915086612","0.44926976168995025","0.9306555477332279"
"1.0","0.0","1.0","0.0","0.0","1.0","1.0","0.0","0.0","0.0","0.0","0.0","0.0","1.0","0.0","0.10310747721996984","0.4207419439450452","0.9293236263734231"
"1.0","0.0","1.0","0.0","0.0","1.0","1.0","0.0","0.0","0.0","0.0","1.0","0.0","0.0","0.0","0.15079825996150248","0.3826108022581115","0.6538061793738119"
"1.0","0.0","1.0","0.0","0.0","1.0","1.0","0.0","0.0","0.0","0.0","1.0","0.0","1.0","0.0","0.1765999680306062","0.353527428957651","0.6524742580140072"
"1.0","0.0","1.0","0.0","0.0","1.0","1.0","0.0","0.0","0.0","0.0","1.0","1.0","0.0","0.0","0.20295496867137988","0.368443479681698","0.5944714194986503"
"1.0","0.0","1.0","0.0","0.0","1.0","1.0","0.0","0.0","0.0","0.0","1.0","1.0","1.0","0.0","0.22875667674048358","0.33880455082568195","0.5931394981388456"
"1.0","0.0","1.0","0.0","0.0","1.0","1.0","0.0","0.0","1.0","0.0","0.0","0.0","0.0","0.0","0.10035632913963288","0.4223256135889155","0.9048845770124929"
"1.0","0.0","1.0","0.0","0.0","1.0","1.0","0.0","0.0","1.0","0.0","0.0","0.0","1.0","0.0","0.1261580372087366","0.3937977958440105","0.9035526556526882"
"1.0","0.0","1.0","0.0","0.0","1.0","1.0","0.0","0.0","1.0","0.0","1.0","0.0","0.0","0.0","0.17384881995026924","0.35511109860152124","0.6280352086530769"
"1.0","0.0","1.0","0.0","0.0","1.0","1.0","0.0","0.0","1.0","0.0","1.0","0.0","1.0","0.0","0.19965052801937297","0.3260277253010607","0.6267032872932722"
"1.0","0.0","1.0","0.0","0.0","1.0","1.0","0.0","0.0","1.0","0.0","1.0","1.0","0.0","0.0","0.22600552866014664","0.3403882204695522","0.5687004487779154"
"1.0","0.0","1.0","0.0","0.0","1.0","1.0","0.0","0.0","1.0","0.0","1.0","1.0","1.0","0.0","0.25180723672925037","0.3107492916135361","0.5673685274181106"
"1.0","0.0","1.0","0.0","0.0","1.0","1.0","0.0","1.0","0.0","0.0","0.0","0.0","0.0","0.0","0.1959599424887003","0.45004373519119645","0.4169866761156511"
"1.0","0.0","1.0","0.0","0.0","1.0","1.0","0.0","1.0","0.0","0.0","0.0","0.0","1.0","0.0","0.221761650557804","0.4209603618907359","0.4156547547558464"
"1.0","0.0","1.0","0.0","0.0","1.0","1.0","0.0","1.0","0.0","0.0","1.0","0.0","0.0","0.0","0.26945243329933666","0.3717181090926911","0.1401373077562352"
"1.0","0.0","1.0","0.0","0.0","1.0","1.0","0.0","1.0","0.0","0.0","1.0","1.0","0.0","0.0","0.3216091420092141","0.3497730087384998","0.08080254788107359"
"1.0","0.0","1.0","0.0","0.0","1.0","1.0","0.0","1.0","1.0","0.0","0.0","0.0","0.0","0.0","0.21901050247746706","0.42254403153460623","0.3912157053949161"
"1.0","0.0","1.0","0.0","0.0","1.0","1.0","0.0","1.0","1.0","0.0","0.0","0.0","1.0","0.0","0.24481221054657076","0.39346065823414567","0.38988378403511137"
"1.0","0.0","1.0","0.0","0.0","1.0","1.0","0.0","1.0","1.0","0.0","1.0","0.0","0.0","0.0","0.2925029932881034","0.34366284988054524","0.11436633703550023"
"1.0","0.0","1.0","0.0","0.0","1.0","1.0","0.0","1.0","1.0","0.0","1.0","1.0","0.0","0.0","0.3446597019979808","0.32171774952635396","0.0550315771603386"
"1.0","0.0","1.0","0.0","0.0","1.0","1.0","1.0","0.0","0.0","0.0","1.0","0.0","0.0","0.0","0.1697186552958984","0.36336973331500544","0.6466141442406645"
"1.0","0.0","1.0","0.0","0.0","1.0","1.0","1.0","0.0","0.0","0.0","1.0","0.0","1.0","0.0","0.19552036336500211","0.3337308044589894","0.6452822228808598"
"1.0","0.0","1.0","0.0","0.0","1.0","1.0","1.0","0.0","0.0","0.0","1.0","1.0","0.0","0.0","0.2218753640057758","0.3442024107385919","0.5872793843655029"
"1.0","0.0","1.0","0.0","0.0","1.0","1.0","1.0","0.0","0.0","0.0","1.0","1.0","1.0","0.0","0.2476770720748795","0.3117857041047981","0.5859474630056981"
"1.0","0.0","1.0","0.0","0.0","1.0","1.0","1.0","0.0","0.0","1.0","1.0","1.0","1.0","0.0","0.28984587694700487","0.28099737399296537","0.5830182566435221"
"1.0","0.0","1.0","0.0","0.0","1.0","1.0","1.0","0.0","1.0","0.0","0.0","0.0","0.0","0.0","0.1192767244740288","0.413640100201365","0.8976925418793454"
"1.0","0.0","1.0","0.0","0.0","1.0","1.0","1.0","0.0","1.0","0.0","1.0","0.0","0.0","0.0","0.19276921528466517","0.3353144741028597","0.6208431735199296"
"1.0","0.0","1.0","0.0","0.0","1.0","1.0","1.0","0.0","1.0","0.0","1.0","0.0","1.0","0.0","0.21857092335376888","0.3056755452468436","0.6195112521601248"
"1.0","0.0","1.0","0.0","0.0","1.0","1.0","1.0","0.0","1.0","0.0","1.0","1.0","0.0","0.0","0.24492592399454255","0.3133693737486684","0.5615084136447679"
"1.0","0.0","1.0","0.0","0.0","1.0","1.0","1.0","0.0","1.0","0.0","1.0","1.0","1.0","0.0","0.27072763206364625","0.2837304448926523","0.5601764922849631"
"1.0","0.0","1.0","0.0","0.0","1.0","1.0","1.0","0.0","1.0","1.0","1.0","0.0","0.0","0.0","0.23493802015679058","0.30452614399102695","0.6179139671577536"
"1.0","0.0","1.0","0.0","0.0","1.0","1.0","1.0","0.0","1.0","1.0","1.0","0.0","1.0","0.0","0.2607397282258943","0.2743316595794553","0.6165820457979487"
"1.0","0.0","1.0","0.0","0.0","1.0","1.0","1.0","0.0","1.0","1.0","1.0","1.0","0.0","0.0","0.287094728866668","0.2825810436368357","0.558579207282592"
"1.0","0.0","1.0","0.0","0.0","1.0","1.0","1.0","0.0","1.0","1.0","1.0","1.0","1.0","0.0","0.31289643693577174","0.24988655922526404","0.5572472859227872"
"1.0","0.0","1.0","0.0","0.0","1.0","1.0","1.0","1.0","0.0","0.0","0.0","0.0","0.0","0.0","0.21488033782309618","0.436358221803646","0.4097946409825037"
"1.0","0.0","1.0","0.0","0.0","1.0","1.0","1.0","1.0","0.0","0.0","0.0","0.0","1.0","0.0","0.24068204589219988","0.40171929294762987","0.40846271962269887"
"1.0","0.0","1.0","0.0","0.0","1.0","1.0","1.0","1.0","0.0","0.0","1.0","0.0","0.0","0.0","0.28837282863373254","0.34192148459402943","0.13294527262308772"
"1.0","0.0","1.0","0.0","0.0","1.0","1.0","1.0","1.0","0.0","0.0","1.0","0.0","1.0","0.0","0.31417453670283624","0.3117270001824578","0.13161335126328297"
"1.0","0.0","1.0","0.0","0.0","1.0","1.0","1.0","1.0","0.0","0.0","1.0","1.0","0.0","0.0","0.34052953734360986","0.31997638423983815","0.0736105127479261"
"1.0","0.0","1.0","0.0","0.0","1.0","1.0","1.0","1.0","0.0","0.0","1.0","1.0","1.0","0.0","0.3663312454127136","0.2872818998282665","0.07227859138812134"
"1.0","0.0","1.0","0.0","0.0","1.0","1.0","1.0","1.0","0.0","1.0","1.0","0.0","0.0","0.0","0.3305416335058579","0.3061331544821968","0.13001606626091175"
"1.0","0.0","1.0","0.0","0.0","1.0","1.0","1.0","1.0","0.0","1.0","1.0","0.0","1.0","0.0","0.3563433415749616","0.2703831145150696","0.128684144901107"
"1.0","0.0","1.0","0.0","0.0","1.0","1.0","1.0","1.0","0.0","1.0","1.0","1.0","0.0","0.0","0.38269834221573534","0.28168805412800546","0.07068130638575014"
"1.0","0.0","1.0","0.0","0.0","1.0","1.0","1.0","1.0","0.0","1.0","1.0","1.0","1.0","0.0","0.40850005028483904","0.24593801416087827","0.0693493850259454"
"1.0","0.0","1.0","0.0","0.0","1.0","1.0","1.0","1.0","1.0","0.0","0.0","0.0","0.0","0.0","0.23793089781186294","0.40330296259150017","0.3840236702617687"
"1.0","0.0","1.0","0.0","0.0","1.0","1.0","1.0","1.0","1.0","0.0","0.0","0.0","1.0","0.0","0.26373260588096664","0.37366403373548407","0.38269174890196395"
"1.0","0.0","1.0","0.0","0.0","1.0","1.0","1.0","1.0","1.0","0.0","1.0","0.0","0.0","0.0","0.3114233886224993","0.31331066982632816","0.10717430190235275"
"1.0","0.0","1.0","0.0","0.0","1.0","1.0","1.0","1.0","1.0","0.0","1.0","0.0","1.0","0.0","0.33722509669160305","0.28311618541475647","0.10584238054254799"
"1.0","0.0","1.0","0.0","0.0","1.0","1.0","1.0","1.0","1.0","0.0","1.0","1.0","0.0","0.0","0.36358009733237673","0.2888655694721369","0.04783954202719112"
"1.0","0.0","1.0","0.0","0.0","1.0","1.0","1.0","1.0","1.0","0.0","1.0","1.0","0.0","1.0","0.471689637940035","0.2726199968629279","0.0411877242419674"
"1.0","0.0","1.0","0.0","0.0","1.0","1.0","1.0","1.0","1.0","0.0","1.0","1.0","1.0","0.0","0.38938180540148043","0.2586710850605652","0.04650762066738636"
"1.0","0.0","1.0","0.0","0.0","1.0","1.0","1.0","1.0","1.0","0.0","1.0","1.0","1.0","1.0","0.4974913460091387","0.24186995689580065","0.039855802882162644"
"1.0","0.0","1.0","0.0","0.0","1.0","1.0","1.0","1.0","1.0","1.0","1.0","0.0","0.0","0.0","0.3535921934946247","0.2719667841589399","0.10424509554017677"
"1.0","0.0","1.0","0.0","0.0","1.0","1.0","1.0","1.0","1.0","1.0","1.0","0.0","1.0","0.0","0.37939390156372843","0.24121674419181266","0.10291317418037202"
"1.0","0.0","1.0","0.0","0.0","1.0","1.0","1.0","1.0","1.0","1.0","1.0","1.0","0.0","0.0","0.40574890220450205","0.2475216838047486","0.04491033566501515"
"1.0","0.0","1.0","0.0","0.0","1.0","1.0","1.0","1.0","1.0","1.0","1.0","1.0","0.0","1.0","0.5138584428121603","0.2207205556399841","0.03825851787979143"
"1.0","0.0","1.0","0.0","0.0","1.0","1.0","1.0","1.0","1.0","1.0","1.0","1.0","1.0","0.0","0.43155061027360575","0.21427164383762137","0.0435784143052104"
"1.0","0.0","1.0","0.0","0.0","1.0","1.0","1.0","1.0","1.0","1.0","1.0","1.0","1.0","1.0","0.539660150881264","0.18941496011730136","0.036926596519986685"
"1.0","0.0","1.0","0.0","1.0","0.0","1.0","0.0","0.0","1.0","0.0","1.0","0.0","0.0","0.0","0.17116308992154355","0.3453699637524508","0.6532311508402313"
"1.0","0.0","1.0","0.0","1.0","0.0","1.0","0.0","0.0","1.0","0.0","1.0","0.0","1.0","0.0","0.19696479799064728","0.31684214600754584","0.6518992294804266"
"1.0","0.0","1.0","0.0","1.0","0.0","1.0","0.0","0.0","1.0","0.0","1.0","1.0","0.0","0.0","0.22331979863142096","0.33759153006492626","0.5938963909650697"
"1.0","0.0","1.0","0.0","1.0","0.0","1.0","0.0","0.0","1.0","0.0","1.0","1.0","1.0","0.0","0.24912150670052466","0.3085081567644657","0.592564469605265"
"1.0","0.0","1.0","0.0","1.0","0.0","1.0","0.0","1.0","1.0","0.0","0.0","0.0","0.0","0.0","0.21632477244874138","0.41224734112998024","0.41641164758207044"
"1.0","0.0","1.0","0.0","1.0","0.0","1.0","0.0","1.0","1.0","0.0","0.0","0.0","1.0","0.0","0.24212648051784508","0.38371952338507526","0.4150797262222657"
"1.0","0.0","1.0","0.0","1.0","0.0","1.0","1.0","0.0","1.0","0.0","0.0","0.0","0.0","0.0","0.11659099444530313","0.4027878542411835","0.9228884840664998"
"1.0","0.0","1.0","0.0","1.0","0.0","1.0","1.0","0.0","1.0","0.0","0.0","0.0","1.0","0.0","0.14239270251440683","0.37426003649627854","0.9215565627066951"
"1.0","0.0","1.0","0.0","1.0","0.0","1.0","1.0","0.0","1.0","0.0","1.0","0.0","0.0","0.0","0.19008348525593952","0.33501778369823376","0.6460391157070838"
"1.0","0.0","1.0","0.0","1.0","0.0","1.0","1.0","0.0","1.0","0.0","1.0","0.0","1.0","0.0","0.21588519332504322","0.3059344103977732","0.6447071943472791"
"1.0","0.0","1.0","0.0","1.0","0.0","1.0","1.0","0.0","1.0","0.0","1.0","1.0","0.0","0.0","0.2422401939658169","0.3197393500107091","0.5867043558319223"
"1.0","0.0","1.0","0.0","1.0","0.0","1.0","1.0","1.0","1.0","0.0","0.0","0.0","0.0","0.0","0.23524516778313728","0.4024507166313187","0.40921961244892296"
"1.0","0.0","1.0","0.0","1.0","0.0","1.0","1.0","1.0","1.0","0.0","0.0","0.0","1.0","0.0","0.261046875852241","0.3733673433308581","0.40788769108911826"
"1.0","0.0","1.0","0.0","1.0","0.0","1.0","1.0","1.0","1.0","0.0","1.0","0.0","0.0","0.0","0.3087376585937736","0.3230139794217022","0.13237024408950707"
"1.0","0.0","1.0","0.0","1.0","0.0","1.0","1.0","1.0","1.0","0.0","1.0","1.0","0.0","0.0","0.36089436730365104","0.3010688790675109","0.07303548421434546"
"1.0","0.0","1.0","0.0","1.0","1.0","1.0","0.0","0.0","1.0","0.0","0.0","0.0","0.0","0.0","0.12344060718823635","0.39538146548788083","0.903883557463676"
"1.0","0.0","1.0","0.0","1.0","1.0","1.0","0.0","0.0","1.0","0.0","0.0","0.0","1.0","0.0","0.14924231525734005","0.3668536477429758","0.9025516361038711"
"1.0","0.0","1.0","0.0","1.0","1.0","1.0","0.0","0.0","1.0","0.0","1.0","0.0","0.0","0.0","0.19693309799887274","0.3276113949449311","0.62703418910426"
"1.0","0.0","1.0","0.0","1.0","1.0","1.0","0.0","0.0","1.0","0.0","1.0","0.0","1.0","0.0","0.22273480606797644","0.29852802164447045","0.6257022677444551"
"1.0","0.0","1.0","0.0","1.0","1.0","1.0","0.0","0.0","1.0","0.0","1.0","1.0","0.0","0.0","0.2490898067087501","0.31233296125740645","0.5676994292290984"
"1.0","0.0","1.0","0.0","1.0","1.0","1.0","0.0","0.0","1.0","0.0","1.0","1.0","1.0","0.0","0.27489151477785384","0.28269403240139035","0.5663675078692936"
"1.0","0.0","1.0","0.0","1.0","1.0","1.0","0.0","1.0","1.0","0.0","0.0","0.0","0.0","0.0","0.2420947805260705","0.3950443278780159","0.3902146858460991"
"1.0","0.0","1.0","0.0","1.0","1.0","1.0","0.0","1.0","1.0","0.0","0.0","0.0","1.0","0.0","0.26789648859517423","0.3659609545775554","0.38888276448629433"
"1.0","0.0","1.0","0.0","1.0","1.0","1.0","1.0","0.0","1.0","0.0","0.0","0.0","0.0","0.0","0.14236100252263226","0.3861403965447748","0.8966915223305284"
"1.0","0.0","1.0","0.0","1.0","1.0","1.0","1.0","0.0","1.0","0.0","1.0","0.0","0.0","0.0","0.21585349333326861","0.30725921489071384","0.6198421539711124"
"1.0","0.0","1.0","0.0","1.0","1.0","1.0","1.0","0.0","1.0","0.0","1.0","0.0","1.0","0.0","0.24165520140237232","0.2776202860346977","0.6185102326113077"
"1.0","0.0","1.0","0.0","1.0","1.0","1.0","1.0","0.0","1.0","0.0","1.0","1.0","0.0","0.0","0.268010202043146","0.28531411453652256","0.560507394095951"
"1.0","0.0","1.0","0.0","1.0","1.0","1.0","1.0","0.0","1.0","0.0","1.0","1.0","1.0","0.0","0.29381191011224966","0.25567518568050646","0.5591754727361461"
"1.0","0.0","1.0","0.0","1.0","1.0","1.0","1.0","0.0","1.0","1.0","1.0","0.0","0.0","0.0","0.25802229820539396","0.2759153292233256","0.6169129476089366"
"1.0","0.0","1.0","0.0","1.0","1.0","1.0","1.0","0.0","1.0","1.0","1.0","0.0","1.0","0.0","0.2838240062744977","0.2457208448117539","0.6155810262491318"
"1.0","0.0","1.0","0.0","1.0","1.0","1.0","1.0","0.0","1.0","1.0","1.0","0.0","1.0","1.0","0.3919335468821559","0.2133641610914338","0.608929208463908"
"1.0","0.0","1.0","0.0","1.0","1.0","1.0","1.0","0.0","1.0","1.0","1.0","1.0","0.0","0.0","0.3101790069152714","0.25147022886913434","0.5575781877337749"
"1.0","0.0","1.0","0.0","1.0","1.0","1.0","1.0","0.0","1.0","1.0","1.0","1.0","1.0","0.0","0.3359807149843751","0.22127574445756265","0.5562462663739701"
"1.0","0.0","1.0","0.0","1.0","1.0","1.0","1.0","0.0","1.0","1.0","1.0","1.0","1.0","1.0","0.44409025559203336","0.20447461629279812","0.5495944485887463"
"1.0","0.0","1.0","0.0","1.0","1.0","1.0","1.0","1.0","1.0","0.0","0.0","0.0","0.0","0.0","0.2610151758604664","0.3752477033793544","0.3830226507129516"
"1.0","0.0","1.0","0.0","1.0","1.0","1.0","1.0","1.0","1.0","0.0","0.0","0.0","1.0","0.0","0.2868168839295701","0.34560877452333827","0.3816907293531469"
"1.0","0.0","1.0","0.0","1.0","1.0","1.0","1.0","1.0","1.0","0.0","1.0","0.0","0.0","0.0","0.33450766667110277","0.2846998550586267","0.10617328235353568"
"1.0","0.0","1.0","0.0","1.0","1.0","1.0","1.0","1.0","1.0","0.0","1.0","0.0","1.0","0.0","0.3603093747402065","0.25450537064705503","0.10484136099373093"
"1.0","0.0","1.0","0.0","1.0","1.0","1.0","1.0","1.0","1.0","0.0","1.0","1.0","0.0","0.0","0.38666437538098014","0.2602547547044355","0.04683852247837406"
"1.0","0.0","1.0","0.0","1.0","1.0","1.0","1.0","1.0","1.0","0.0","1.0","1.0","0.0","1.0","0.49477391598863835","0.24345362653967095","0.040186704693150346"
"1.0","0.0","1.0","0.0","1.0","1.0","1.0","1.0","1.0","1.0","0.0","1.0","1.0","1.0","0.0","0.41246608345008384","0.2300602702928638","0.045506601118569315"
"1.0","0.0","1.0","0.0","1.0","1.0","1.0","1.0","1.0","1.0","0.0","1.0","1.0","1.0","1.0","0.520575624057742","0.2127035865725437","0.0388547833333456"
"1.0","0.0","1.0","0.0","1.0","1.0","1.0","1.0","1.0","1.0","1.0","1.0","0.0","0.0","0.0","0.3766764715432282","0.24280041383568293","0.10324407599135972"
"1.0","0.0","1.0","0.0","1.0","1.0","1.0","1.0","1.0","1.0","1.0","1.0","0.0","1.0","0.0","0.4024781796123319","0.21205037386855569","0.10191215463155497"
"1.0","0.0","1.0","0.0","1.0","1.0","1.0","1.0","1.0","1.0","1.0","1.0","0.0","1.0","1.0","0.5105877202199901","0.17663813459268005","0.09526033684633124"
"1.0","0.0","1.0","0.0","1.0","1.0","1.0","1.0","1.0","1.0","1.0","1.0","1.0","0.0","0.0","0.4288331802531056","0.21585531348149167","0.0439093161161981"
"1.0","0.0","1.0","0.0","1.0","1.0","1.0","1.0","1.0","1.0","1.0","1.0","1.0","0.0","1.0","0.5369427208607638","0.1909986297611716","0.03725749833097438"
"1.0","0.0","1.0","0.0","1.0","1.0","1.0","1.0","1.0","1.0","1.0","1.0","1.0","1.0","0.0","0.45463488832220933","0.1851052735143644","0.042577394756393355"
"1.0","0.0","1.0","0.0","1.0","1.0","1.0","1.0","1.0","1.0","1.0","1.0","1.0","1.0","1.0","0.5627444289298675","0.1596930342384888","0.03592557697116964"
"1.0","0.0","1.0","1.0","0.0","1.0","1.0","1.0","1.0","1.0","0.0","1.0","1.0","0.0","0.0","0.679326969840103","0.19320692508621973","0.02090513230669507"
"1.0","0.0","1.0","1.0","0.0","1.0","1.0","1.0","1.0","1.0","0.0","1.0","1.0","0.0","1.0","0.7874365104477612","0.1652946858103441","0.014253314521471343"
"1.0","0.0","1.0","1.0","0.0","1.0","1.0","1.0","1.0","1.0","0.0","1.0","1.0","1.0","0.0","0.7051286779092067","0.15749534665755408","0.019573210946890313"
"1.0","0.0","1.0","1.0","0.0","1.0","1.0","1.0","1.0","1.0","0.0","1.0","1.0","1.0","1.0","0.813238218516865","0.13208310738167844","0.012921393161666593"
"1.0","0.0","1.0","1.0","0.0","1.0","1.0","1.0","1.0","1.0","1.0","1.0","1.0","0.0","0.0","0.7214957747122285","0.14519637275216482","0.017975925944519102"
"1.0","0.0","1.0","1.0","0.0","1.0","1.0","1.0","1.0","1.0","1.0","1.0","1.0","0.0","1.0","0.8296053153198867","0.11093370612586184","0.01132410815929538"
"1.0","0.0","1.0","1.0","0.0","1.0","1.0","1.0","1.0","1.0","1.0","1.0","1.0","1.0","0.0","0.7472974827813321","0.10944633278503761","0.01664400458471435"
"1.0","0.0","1.0","1.0","0.0","1.0","1.0","1.0","1.0","1.0","1.0","1.0","1.0","1.0","1.0","0.8554070233889904","0.07462811060317907","0.009992186799490628"
"1.0","0.0","1.0","1.0","1.0","1.0","1.0","1.0","0.0","1.0","1.0","1.0","0.0","1.0","1.0","0.7076804193898824","0.11163286713286714","0.581994798743412"
"1.0","0.0","1.0","1.0","1.0","1.0","1.0","1.0","0.0","1.0","1.0","1.0","1.0","1.0","0.0","0.6517275874921016","0.12010000605455151","0.529311856653474"
"1.0","0.0","1.0","1.0","1.0","1.0","1.0","1.0","0.0","1.0","1.0","1.0","1.0","1.0","1.0","0.7598371280997598","0.09468776677867587","0.5226600388682503"
"1.0","0.0","1.0","1.0","1.0","1.0","1.0","1.0","1.0","1.0","0.0","1.0","1.0","0.0","0.0","0.7024112478887066","0.15907901630142435","0.019904112757878012"
"1.0","0.0","1.0","1.0","1.0","1.0","1.0","1.0","1.0","1.0","0.0","1.0","1.0","0.0","1.0","0.8105207884963648","0.1336667770255487","0.013252294972654288"
"1.0","0.0","1.0","1.0","1.0","1.0","1.0","1.0","1.0","1.0","0.0","1.0","1.0","1.0","0.0","0.7282129559578102","0.12832897633429713","0.018572191398073264"
"1.0","0.0","1.0","1.0","1.0","1.0","1.0","1.0","1.0","1.0","0.0","1.0","1.0","1.0","1.0","0.8363224965654685","0.10291673705842147","0.01192037361284954"
"1.0","0.0","1.0","1.0","1.0","1.0","1.0","1.0","1.0","1.0","1.0","1.0","0.0","1.0","0.0","0.7182250521200583","0.10226352435443344","0.07497774491105891"
"1.0","0.0","1.0","1.0","1.0","1.0","1.0","1.0","1.0","1.0","1.0","1.0","0.0","1.0","1.0","0.8263345927277165","0.0668512850785578","0.06832592712583518"
"1.0","0.0","1.0","1.0","1.0","1.0","1.0","1.0","1.0","1.0","1.0","1.0","1.0","0.0","0.0","0.744580052760832","0.11103000242890788","0.01697490639570205"
"1.0","0.0","1.0","1.0","1.0","1.0","1.0","1.0","1.0","1.0","1.0","1.0","1.0","0.0","1.0","0.8526895933684903","0.07621178024704935","0.010323088610478327"
"1.0","0.0","1.0","1.0","1.0","1.0","1.0","1.0","1.0","1.0","1.0","1.0","1.0","1.0","0.0","0.7703817608299357","0.07531842400024219","0.0156429850358973"
"1.0","0.0","1.0","1.0","1.0","1.0","1.0","1.0","1.0","1.0","1.0","1.0","1.0","1.0","1.0","0.8784913014375939","0.042444646262828074","0.008991167250673575"
"1.0","1.0","1.0","0.0","0.0","1.0","1.0","1.0","1.0","1.0","0.0","1.0","1.0","0.0","0.0","0.4850887958947828","0.2515363078246934","0.03884837477651754"
"1.0","1.0","1.0","0.0","0.0","1.0","1.0","1.0","1.0","1.0","0.0","1.0","1.0","0.0","1.0","0.593198336502441","0.23271381213856135","0.03219655699129382"
"1.0","1.0","1.0","0.0","0.0","1.0","1.0","1.0","1.0","1.0","0.0","1.0","1.0","1.0","0.0","0.5108905039638865","0.22130336187466018","0.037516453416712794"
"1.0","1.0","1.0","0.0","0.0","1.0","1.0","1.0","1.0","1.0","0.0","1.0","1.0","1.0","1.0","0.6190000445715448","0.2019637721714341","0.03086463563148907"
"1.0","1.0","1.0","0.0","0.0","1.0","1.0","1.0","1.0","1.0","1.0","1.0","1.0","0.0","0.0","0.5272576007669081","0.21015396061884362","0.03591916841434158"
"1.0","1.0","1.0","0.0","0.0","1.0","1.0","1.0","1.0","1.0","1.0","1.0","1.0","0.0","1.0","0.6353671413745663","0.18081437091561756","0.029267350629117856"
"1.0","1.0","1.0","0.0","0.0","1.0","1.0","1.0","1.0","1.0","1.0","1.0","1.0","1.0","0.0","0.5530593088360118","0.1744039206517164","0.034587247054536835"
"1.0","1.0","1.0","0.0","0.0","1.0","1.0","1.0","1.0","1.0","1.0","1.0","1.0","1.0","1.0","0.66116884944367","0.14697031385447323","0.027935429269313108"
"1.0","1.0","1.0","0.0","1.0","1.0","1.0","1.0","0.0","1.0","1.0","1.0","0.0","1.0","0.0","0.4053327048369038","0.2083531216258489","0.6065898589984582"
"1.0","1.0","1.0","0.0","1.0","1.0","1.0","1.0","0.0","1.0","1.0","1.0","0.0","1.0","1.0","0.5134422454445621","0.17599643790552882","0.5999380412132345"
"1.0","1.0","1.0","0.0","1.0","1.0","1.0","1.0","0.0","1.0","1.0","1.0","1.0","1.0","0.0","0.4574894135467812","0.18390802127165765","0.5472550991232965"
"1.0","1.0","1.0","0.0","1.0","1.0","1.0","1.0","1.0","1.0","0.0","1.0","1.0","0.0","0.0","0.5081730739433863","0.22288703151853045","0.03784735522770049"
"1.0","1.0","1.0","0.0","1.0","1.0","1.0","1.0","1.0","1.0","0.0","1.0","1.0","0.0","1.0","0.6162826145510446","0.20354744181530438","0.03119553744247677"
"1.0","1.0","1.0","0.0","1.0","1.0","1.0","1.0","1.0","1.0","0.0","1.0","1.0","1.0","0.0","0.53397478201249","0.19269254710695882","0.03651543386789574"
"1.0","1.0","1.0","0.0","1.0","1.0","1.0","1.0","1.0","1.0","0.0","1.0","1.0","1.0","1.0","0.6420843226201483","0.17279740184817718","0.02986361608267202"
"1.0","1.0","1.0","0.0","1.0","1.0","1.0","1.0","1.0","1.0","1.0","1.0","0.0","1.0","0.0","0.523986878174738","0.17214418914418914","0.09292098738088138"
"1.0","1.0","1.0","0.0","1.0","1.0","1.0","1.0","1.0","1.0","1.0","1.0","0.0","1.0","1.0","0.6320964187823962","0.1367319498683135","0.08626916959565767"
"1.0","1.0","1.0","0.0","1.0","1.0","1.0","1.0","1.0","1.0","1.0","1.0","1.0","0.0","0.0","0.5503418788155117","0.17598759029558664","0.03491814886552452"
"1.0","1.0","1.0","0.0","1.0","1.0","1.0","1.0","1.0","1.0","1.0","1.0","1.0","0.0","1.0","0.6584514194231699","0.14855398349834348","0.028266331080300806"
"1.0","1.0","1.0","0.0","1.0","1.0","1.0","1.0","1.0","1.0","1.0","1.0","1.0","1.0","0.0","0.5761435868846154","0.14519908878999788","0.033586227505719775"
"1.0","1.0","1.0","0.0","1.0","1.0","1.0","1.0","1.0","1.0","1.0","1.0","1.0","1.0","1.0","0.6842531274922736","0.1172483879756607","0.026934409720496058"
"1.0","1.0","1.0","1.0","0.0","1.0","1.0","1.0","1.0","1.0","0.0","1.0","1.0","0.0","0.0","0.8008356684025092","0.17500586856698142","0.01191396505602149"
"1.0","1.0","1.0","1.0","0.0","1.0","1.0","1.0","1.0","1.0","0.0","1.0","1.0","0.0","1.0","0.9089452090101674","0.14014918484666133","0.005262147270797767"
"1.0","1.0","1.0","1.0","0.0","1.0","1.0","1.0","1.0","1.0","0.0","1.0","1.0","1.0","0.0","0.826637376471613","0.13870027304429866","0.010582043696216738"
"1.0","1.0","1.0","1.0","0.0","1.0","1.0","1.0","1.0","1.0","0.0","1.0","1.0","1.0","1.0","0.9347469170792712","0.103288033768423","0.003930225910993017"
"1.0","1.0","1.0","1.0","0.0","1.0","1.0","1.0","1.0","1.0","1.0","1.0","1.0","0.0","0.0","0.8430044732746347","0.11616198289959316","0.008984758693845527"
"1.0","1.0","1.0","1.0","0.0","1.0","1.0","1.0","1.0","1.0","1.0","1.0","1.0","0.0","1.0","0.9511140138822929","0.07324974362371753","0.002332940908621803"
"1.0","1.0","1.0","1.0","0.0","1.0","1.0","1.0","1.0","1.0","1.0","1.0","1.0","1.0","0.0","0.8688061813437383","0.07930083182135485","0.007652837334040776"
"1.0","1.0","1.0","1.0","0.0","1.0","1.0","1.0","1.0","1.0","1.0","1.0","1.0","1.0","1.0","0.9769157219513966","0.03583303698992363","0.0010010195488170531"
"1.0","1.0","1.0","1.0","1.0","1.0","1.0","1.0","1.0","1.0","0.0","1.0","1.0","0.0","0.0","0.8239199464511127","0.14028394268816893","0.010912945507204437"
"1.0","1.0","1.0","1.0","1.0","1.0","1.0","1.0","1.0","1.0","0.0","1.0","1.0","0.0","1.0","0.9320294870587709","0.10487170341229327","0.004261127721980714"
"1.0","1.0","1.0","1.0","1.0","1.0","1.0","1.0","1.0","1.0","0.0","1.0","1.0","1.0","0.0","0.8497216545202163","0.10647834716548614","0.009581024147399687"
"1.0","1.0","1.0","1.0","1.0","1.0","1.0","1.0","1.0","1.0","0.0","1.0","1.0","1.0","1.0","0.9578311951278745","0.07301055233405496","0.0029292063621759634"
"1.0","1.0","1.0","1.0","1.0","1.0","1.0","1.0","1.0","1.0","1.0","1.0","0.0","1.0","0.0","0.8397337506824644","0.07346845074117803","0.06598657766038533"
"1.0","1.0","1.0","1.0","1.0","1.0","1.0","1.0","1.0","1.0","1.0","1.0","0.0","1.0","1.0","0.9478432912901226","0.03194510035419127","0.05933475987516161"
"1.0","1.0","1.0","1.0","1.0","1.0","1.0","1.0","1.0","1.0","1.0","1.0","1.0","0.0","0.0","0.866088751323238","0.08088450146522512","0.007983739145028472"
"1.0","1.0","1.0","1.0","1.0","1.0","1.0","1.0","1.0","1.0","1.0","1.0","1.0","0.0","1.0","0.9741982919308962","0.0374167066337939","0.0013319213598047502"
"1.0","1.0","1.0","1.0","1.0","1.0","1.0","1.0","1.0","1.0","1.0","1.0","1.0","1.0","0.0","0.8918904593923418","0.04402335038698675","0.006651817785223723"
"1.0","1.0","1.0","1.0","1.0","1.0","1.0","1.0","1.0","1.0","1.0","1.0","1.0","1.0","1.0","1.0","0.0","0.0"
